variable,bin,woe,coefficient,points
bureau_credit_score,<580,-1.0113,-0.4988,-14.6
bureau_credit_score,580-629,-0.3501,-0.4988,-5.0
bureau_credit_score,630-669,0.198,-0.4988,2.8
bureau_credit_score,670-729,-0.0657,-0.4988,-0.9
bureau_credit_score,730+,0.7128,-0.4988,10.3
defaults_on_file,0,0.2217,-0.4702,3.0
defaults_on_file,1,-0.5688,-0.4702,-7.7
defaults_on_file,2,-0.8003,-0.4702,-10.9
defaults_on_file,3+,-1.91,-0.4702,-25.9
total_existing_debt,<5k,0.4285,-0.4311,5.3
total_existing_debt,5-15k,0.5867,-0.4311,7.3
total_existing_debt,15-30k,-0.0981,-0.4311,-1.2
total_existing_debt,30k+,-0.8722,-0.4311,-10.8
employment_type,Casual,0.0851,-0.422,1.0
employment_type,Full-Time,0.0842,-0.422,1.0
employment_type,Part-Time,-0.0949,-0.422,-1.2
employment_type,Self-Employed,0.3775,-0.422,4.6
employment_type,Unemployed,-1.5277,-0.422,-18.6
