application_id,application_date,applicant_age,annual_income,credit_score,employment_status,home_ownership,num_dependents,existing_debt,loan_amount,loan_term_months,interest_rate,loan_status,internal_notes
50480,2024-10-07,37,27203.68,692.0,Self-Employed,Own,2,7548.24,24339.94,60,5.72%,Denied,
50246,2024-05-01,39,36168.33,687.0,Retired,Own,2,11490.49,21021.7,12,N/A,Denied,
50440,2025-08-26,49,15000.0,588.0,Self-Employed,Rent,2,6861.58,8437.74,60,10.64%,Approved,
50142,2024-02-08,59,39786.78,654.0,Employed,Own,3,17564.51,20416.29,12,3.11%,Denied,
50131,2025-08-06,66,15000.0,589.0,Self-Employed,Own,4,6795.35,15167.07,48,13.08%,Pending,
50199,2025-08-05,59,43023.79,610.0,Self-Employed,Own,0,12868.77,6190.66,24,2.9%,Pending,
50251,2024-06-22,40,73250.29,741.0,Employed,Mortgage,1,3840.62,12959.77,60,6.07%,Denied,
50399,2024-12-07,32,63517.27,612.0,Employed,Mortgage,2,22445.35,4640.96,24,4.45%,Approved,
50330,2025-03-24,56,41795.47,659.0,Employed,Rent,2,18953.17,7053.62,36,8.21%,Approved,
50133,2024-04-01,39,68015.06,674.0,Employed,Rent,3,21003.54,18558.87,36,7.6%,Pending,
50220,2024-07-11,25,59863.24,724.0,Employed,Own,0,6727.42,14211.04,36,6.51%,Approved,
50054,2024-02-18,24,39846.44,784.0,Employed,Mortgage,1,2173.15,10989.08,36,6.58%,Approved,
50253,2024-12-05,39,99345.15,584.0,Employed,Rent,2,10475.23,6267.65,24,11.51%,Pending,
50348,2025-05-02,62,43018.5,452.0,Employed,Mortgage,2,5444.12,5346.98,24,8.14%,Approved,
50226,2025-04-07,56,68222.97,669.0,Retired,Own,3,0.0,22660.81,36,12.19%,Approved,
50468,2024-10-18,25,43959.76,771.0,Employed,Mortgage,1,3211.53,20087.6,12,6.78%,Denied,
50301,2025-08-22,28,68288.95,680.0,Self-Employed,Rent,2,9657.11,14896.35,24,5.83%,Pending,
50097,2025-04-14,34,73007.85,711.0,Employed,Rent,4,11201.57,9147.91,12,5.62%,Approved,
50311,2025-07-13,39,15100.74,554.0,Employed,Mortgage,1,10281.07,9560.0,12,2.59%,Denied,
50444,2025-03-02,64,,688.0,Employed,Mortgage,2,14980.93,12958.16,60,10.91%,Denied,
50106,2024-05-24,44,61309.55,607.0,Employed,Own,1,6804.38,1000.0,12,9.79%,Denied,
50356,2025-07-18,49,57973.08,541.0,Employed,Rent,4,14039.03,26538.79,24,7.48%,Approved,
50318,2024-09-21,46,49800.3,668.0,Employed,Rent,4,1863.21,26848.09,36,4.01%,Approved,
50203,2025-09-29,39,18263.82,517.0,Employed,Rent,4,13946.75,1000.0,12,9.9%,Pending,
50207,2025-05-03,62,91237.35,570.0,Employed,Own,3,5376.6,7108.2,60,6.09%,Approved,
50456,2024-02-28,30,67528.67,654.0,Employed,Rent,3,7406.34,15007.17,12,5.15%,Denied,
50439,2024-12-12,57,68317.97,734.0,Employed,Own,1,1941.87,12599.5,48,6.75%,Approved,
50391,2024-08-01,30,70457.23,606.0,Self-Employed,Mortgage,0,10203.32,1000.0,12,7.65%,Denied,
50042,2025-06-21,37,60105.74,654.0,Employed,Own,3,5507.28,15374.31,12,2.65%,Denied,
50086,2024-06-17,25,15000.0,593.0,Employed,Own,1,9193.7,21290.48,36,10.78%,Denied,
50448,2025-03-07,26,16837.84,724.0,Self-Employed,Mortgage,4,617.56,21993.28,12,4.42%,Approved,
50286,2024-11-21,23,44366.01,717.0,Employed,Rent,2,11386.09,16529.71,48,4.01%,Approved,
50491,2025-07-11,46,40153.79,649.0,Employed,Rent,3,16270.55,20972.62,12,7.43%,Pending,
50372,2024-07-21,35,93057.01,775.0,Employed,Rent,1,15342.14,20527.13,36,9.67%,Approved,
50371,2025-05-10,45,43758.97,616.0,Employed,Own,4,12518.82,9752.64,60,8.42%,Denied,
50411,2025-04-02,52,61978.64,704.0,Employed,Mortgage,4,6826.79,17161.23,48,7.33%,Approved,
50125,2025-03-30,46,17195.28,598.0,Employed,Rent,0,17513.77,7937.64,36,7.53%,Approved,
50484,2024-05-17,33,54862.24,618.0,Employed,Rent,0,19221.92,4079.53,12,8.63%,Denied,
50172,2025-09-29,43,52664.4,600.0,Employed,Mortgage,1,13675.63,30672.0,60,7.82%,Approved,
50489,2025-06-26,49,15000.0,685.0,Self-Employed,Rent,2,15559.18,21118.29,24,8.4%,Denied,
50072,2025-08-07,34,87161.76,767.0,Employed,Rent,4,9037.31,13194.49,24,12.59%,Denied,
50451,2025-01-02,54,77045.96,840.0,Self-Employed,Own,3,8226.42,1981.44,24,6.98%,Approved,
50412,2025-06-05,66,67994.45,758.0,Employed,Mortgage,0,8015.76,19929.03,12,5.49%,Denied,
50192,2025-06-05,68,104594.71,707.0,Employed,Mortgage,1,1412.14,16588.58,60,7.42%,Approved,
50085,2025-01-27,26,59208.69,707.0,Employed,Mortgage,4,6737.76,11267.57,36,10.9%,Approved,
50167,2024-06-11,24,80215.96,664.0,Retired,Mortgage,2,9150.0,6593.31,48,3.47%,Approved,
50039,2025-07-28,29,48113.89,670.0,Employed,Own,4,7950.57,21593.45,48,8.9%,Denied,
50234,2025-01-29,24,52520.32,723.0,Employed,Own,0,7181.47,21788.86,12,7.94%,Approved,
50227,2024-05-03,41,38571.34,744.0,Employed,Rent,3,4324.83,12725.06,48,3.62%,Denied,
50012,2024-07-03,40,41589.41,623.0,Employed,Mortgage,2,9183.84,1040.07,36,4.82%,Approved,
50353,2025-03-15,53,101354.74,782.0,Employed,Own,2,10741.68,8211.42,12,6.19%,Approved,
50278,2025-01-18,60,30914.35,651.0,Retired,Rent,2,13727.11,1000.0,60,7.82%,Denied,
50151,2025-01-24,34,72345.97,659.0,Employed,Own,1,1049.02,26265.03,60,10.31%,Denied,
50369,2024-07-02,62,49781.86,748.0,Employed,Rent,4,15603.11,24217.0,12,4.76%,Denied,
50016,2025-01-12,25,38989.97,826.0,Self-Employed,Own,4,16560.64,20525.47,36,6.77%,Pending,
50293,2024-06-26,52,77787.93,641.0,Employed,Rent,3,10677.63,22373.61,24,4.51%,Approved,
50119,2025-08-14,59,58492.85,581.0,Employed,Rent,2,2985.11,16097.55,60,5.84%,Pending,
50063,2025-06-30,39,29762.08,582.0,Self-Employed,Mortgage,3,6290.71,10334.63,48,5.73%,Approved,
50360,2025-01-25,41,70392.73,552.0,Employed,Mortgage,0,15389.53,19944.8,36,10.04%,Approved,
50211,2025-02-07,33,40705.34,596.0,Self-Employed,Rent,3,779.08,15604.88,36,8.87%,Approved,
50022,2025-07-18,58,62504.59,695.0,Employed,Mortgage,0,13809.16,22576.92,48,2.12%,Approved,
50427,2024-01-31,33,66655.49,751.0,Employed,Own,4,6196.62,3101.46,36,11.48%,Denied,
50295,2024-07-06,38,59778.64,517.0,Employed,Own,1,0.0,9888.15,24,5.98%,Approved,
50493,2024-10-25,30,82493.08,765.0,Retired,Mortgage,3,7354.14,11366.26,36,7.15%,Approved,
50423,2025-04-21,59,66451.69,690.0,Unemployed,Rent,4,0.0,16512.93,48,2.0%,Pending,
50302,2024-11-16,27,,600.0,Employed,Own,0,0.0,6143.28,48,7.59%,Approved,
50178,2024-12-13,62,47545.87,715.0,Employed,Rent,2,8494.44,10290.6,12,10.41%,Approved,
50421,2024-10-17,32,98777.09,650.0,Employed,Rent,4,9404.73,11829.99,24,3.99%,Approved,
50245,2024-01-29,48,56535.44,612.0,Employed,Rent,1,9383.17,10569.22,60,,Denied,
50345,2024-02-10,41,17506.32,782.0,Self-Employed,Mortgage,4,11038.23,4593.97,60,9.54%,Approved,
50460,2024-03-28,63,32812.59,781.0,Employed,Rent,3,5650.99,8192.06,60,7.77%,Approved,
50134,2025-08-06,42,80417.64,655.0,Employed,Rent,0,21459.57,14136.14,60,4.22%,Denied,
50123,2025-09-04,68,72175.8,617.0,Employed,Rent,0,13514.46,2407.6,24,4.46%,Approved,
50388,2025-02-28,50,56596.92,731.0,Employed,Rent,4,18994.0,10254.61,48,4.88%,Pending,
50222,2024-02-18,69,15000.0,721.0,Unemployed,Rent,0,14188.09,30799.48,60,6.19%,Approved,
50435,2024-08-09,29,22444.31,583.0,Employed,Mortgage,3,9044.18,12537.76,48,7.73%,Approved,
50201,2025-06-17,67,92083.59,672.0,Employed,Mortgage,2,2384.09,9603.62,12,5.66%,Approved,
50138,2024-07-16,66,98633.11,709.0,Retired,Mortgage,4,11931.15,9302.83,60,9.98%,Denied,
50044,2024-08-03,38,15000.0,694.0,Employed,Rent,4,5043.6,14195.16,24,5.33%,Approved,
50114,2024-04-22,27,96004.99,694.0,Employed,Mortgage,4,10532.49,19599.25,12,10.12%,Approved,
50074,2024-06-23,60,27713.76,607.0,Retired,Mortgage,3,9776.66,12384.64,48,8.14%,Approved,
50313,2025-03-26,65,76520.32,536.0,Employed,Mortgage,0,0.0,22661.61,60,4.91%,Approved,
50218,2024-02-26,36,60295.51,795.0,Self-Employed,Own,4,18507.11,19583.23,36,3.69%,Pending,
50382,2025-04-04,51,,535.0,Employed,Mortgage,2,9293.47,25067.99,60,9.77%,Approved,
50405,2025-03-21,22,48487.34,745.0,Employed,Mortgage,1,313.87,15950.7,36,6.72%,Denied,
50004,2024-10-28,48,74037.08,811.0,Employed,Mortgage,0,12545.25,1000.0,24,11.46%,Denied,
50132,2025-06-23,54,60918.37,658.0,Unemployed,Rent,1,9458.92,11912.48,36,9.81%,Approved,
50068,2024-10-17,31,39610.62,681.0,Self-Employed,Mortgage,0,5029.2,20081.92,60,6.53%,Denied,
50075,2024-03-16,41,40438.07,736.0,Employed,Mortgage,3,6762.34,1000.0,36,5.52%,Approved,
50141,2025-01-16,61,56538.68,735.0,Retired,Rent,4,13774.06,23958.42,48,6.3%,Denied,
50230,2024-09-03,61,51514.76,749.0,Unemployed,Own,3,5151.89,24992.72,12,7.12%,Denied,
50058,2024-05-12,21,78850.68,850.0,Employed,Mortgage,2,0.0,22474.77,60,6.81%,Approved,
50003,2024-06-02,52,48476.03,579.0,Employed,Mortgage,0,4953.17,11170.12,48,10.45%,Denied,
50418,2025-04-08,40,68881.48,447.0,Employed,Rent,2,4555.17,6223.5,60,5.07%,Approved,
50373,2025-05-26,40,78309.5,659.0,Employed,Own,2,7944.2,11251.46,24,3.83%,Approved,
50184,2024-01-20,23,51858.5,654.0,Employed,Own,4,9797.93,12547.46,12,10.04%,Approved,
50164,2024-07-24,48,89489.51,582.0,Self-Employed,Mortgage,1,16055.54,28398.5,12,9.62%,Approved,
50471,2025-01-08,33,53190.22,798.0,Employed,Own,0,10683.55,1810.23,60,,Approved,
50065,2024-06-22,54,64737.54,616.0,Employed,Own,3,0.0,22820.24,24,5.95%,Approved,
50156,2024-02-22,22,35696.59,709.0,Employed,Own,2,10549.24,19090.65,60,3.99%,Denied,
50309,2025-01-13,45,114807.03,622.0,Retired,Mortgage,2,1802.81,20171.89,48,7.7%,Approved,
50366,2025-04-07,57,107720.7,688.0,Employed,Own,4,7678.04,16770.04,48,6.88%,Pending,
50100,2025-05-10,44,54780.97,767.0,Self-Employed,Mortgage,3,5053.23,20119.89,12,5.76%,Approved,
50252,2025-06-09,55,65244.06,766.0,Employed,Own,1,23818.43,14798.89,24,12.63%,Approved,
50228,2024-07-10,47,41205.59,598.0,Employed,Mortgage,0,4833.88,20945.29,36,6.7%,Approved,
50270,2024-06-12,59,83314.04,771.0,Retired,Mortgage,4,11030.44,11829.21,12,7.99%,Approved,
50279,2024-01-31,58,28806.54,,Employed,Mortgage,1,18048.2,19439.53,36,2.74%,Approved,
50008,2024-09-22,37,66825.36,697.0,Employed,Mortgage,3,7782.12,5781.64,60,3.81%,Denied,
50347,2025-04-26,55,95599.39,708.0,Employed,Mortgage,2,6731.53,1000.0,24,,Approved,
50414,2024-10-12,34,65793.56,652.0,Employed,Mortgage,4,5039.03,22026.64,12,9.52%,Approved,
50126,2025-02-25,57,54634.39,684.0,Self-Employed,Own,3,4641.95,32464.02,24,8.57%,Pending,
50384,2024-07-06,58,63112.66,575.0,Self-Employed,Mortgage,4,4546.62,3081.25,48,13.87%,Approved,
50393,2025-04-24,54,15000.0,640.0,Employed,Own,4,3579.23,27772.67,24,7.04%,Approved,
50139,2025-09-19,23,97001.07,583.0,Retired,Mortgage,4,9941.01,14320.31,48,9.67%,Approved,
50438,2025-06-22,51,44229.62,811.0,Employed,Rent,2,13258.13,18436.5,60,5.65%,Approved,
50029,2024-06-30,54,89013.12,684.0,Employed,Own,0,7121.26,9020.47,60,5.51%,Approved,
50140,2024-10-16,58,64493.95,647.0,Retired,Mortgage,0,7474.13,14556.92,60,5.74%,Denied,
50140,2024-10-16,58,64493.95,647.0,Retired,Mortgage,0,7474.13,14556.92,60,5.74%,Denied,
50478,2024-08-21,46,60096.27,684.0,Self-Employed,Own,3,12598.26,9914.1,12,12.21%,Approved,
50386,2025-01-17,59,78183.34,616.0,Self-Employed,Rent,3,7728.85,10241.09,24,4.9%,Denied,
50160,2024-06-30,36,36763.15,580.0,Self-Employed,Mortgage,0,4362.76,15833.7,48,13.57%,Denied,
50283,2024-06-30,25,15327.0,679.0,Employed,Mortgage,1,10409.79,9235.73,24,8.01%,Pending,
50394,2024-02-17,53,90645.56,667.0,Employed,Own,0,9112.01,11464.06,12,5.51%,Pending,
50006,2024-05-31,32,98231.52,688.0,Employed,Own,3,10106.92,1000.0,24,6.49%,Approved,
50445,2024-01-11,43,58703.0,615.0,Self-Employed,Mortgage,2,15819.49,6069.29,60,6.87%,Denied,
50425,2024-10-29,38,63301.94,732.0,Employed,Mortgage,2,179.07,19123.6,24,7.71%,Approved,
50020,2024-06-08,59,87276.62,610.0,Self-Employed,Mortgage,1,11990.61,39710.92,48,6.08%,Approved,
50296,2025-01-27,63,61059.18,626.0,Retired,Own,3,0.0,3351.23,24,9.59%,Denied,
50461,2025-05-20,33,77544.15,823.0,Unemployed,Own,0,12218.82,27511.25,60,8.15%,Approved,
50389,2025-03-10,53,15104.65,689.0,Employed,Rent,4,10135.2,17388.41,36,7.79%,Approved,
50291,2024-05-04,24,59423.93,554.0,Employed,Own,1,6481.94,22017.69,48,N/A,Approved,
50260,2024-09-24,27,15000.0,682.0,Employed,Rent,0,8336.57,18845.68,60,6.85%,Approved,
50381,2024-05-27,69,42384.93,736.0,Employed,Rent,1,10658.97,7260.14,48,9.1%,Denied,
50276,2024-08-19,33,,663.0,Self-Employed,Mortgage,4,8536.1,21088.56,36,12.09%,Denied,
50073,2025-07-26,42,63346.0,751.0,Retired,Mortgage,3,1463.14,14416.42,24,9.23%,Approved,
50194,2024-09-24,62,59637.45,752.0,Employed,Own,3,0.0,16206.05,12,9.05%,Denied,
50019,2025-08-31,31,91934.48,638.0,Employed,Own,3,9362.98,9007.93,24,3.49%,Approved,
50434,2024-09-25,58,40800.35,634.0,Employed,Rent,2,12291.77,17051.51,24,4.14%,Pending,
50334,2025-07-15,42,33073.74,786.0,Employed,Own,0,7101.66,22722.48,48,5.36%,Approved,
50173,2025-04-05,35,80765.46,639.0,Employed,Own,4,14229.2,20700.3,60,4.96%,Denied,
50404,2025-09-12,40,65279.37,671.0,Employed,Rent,1,12277.01,26398.06,12,11.16%,Denied,
50013,2025-02-27,36,49826.91,623.0,Retired,Own,2,17057.63,21122.46,48,7.81%,Approved,
50470,2024-03-14,36,51974.49,643.0,Employed,Own,1,427.92,11205.89,36,4.44%,Approved,
50179,2024-08-13,31,46687.62,838.0,Employed,Rent,3,10912.97,13060.96,60,10.04%,Denied,
50143,2025-07-17,31,63656.46,780.0,Employed,Own,0,11789.66,11705.47,36,4.54%,Approved,
50025,2025-06-19,68,63585.98,510.0,Self-Employed,Mortgage,4,9618.72,20960.08,24,9.07%,Approved,
50447,2024-01-16,49,93393.9,779.0,Employed,Own,4,10100.96,13228.9,60,9.82%,Approved,
50303,2025-06-12,53,50840.06,745.0,Employed,Mortgage,3,14300.59,11819.58,24,7.37%,Denied,
50288,2025-10-02,24,87198.43,683.0,Retired,Own,3,6519.73,9627.21,24,6.64%,Pending,
50150,2025-09-09,67,89727.08,644.0,Employed,Mortgage,1,21161.37,15976.19,48,9.7%,Denied,
50305,2024-01-03,45,45793.68,737.0,Employed,Mortgage,0,16502.98,12575.16,24,9.35%,Approved,
50237,2024-03-09,44,85839.63,758.0,Unemployed,Rent,0,5525.06,23997.08,24,7.04%,Pending,
50408,2024-05-13,40,72321.42,778.0,Retired,Mortgage,3,15815.75,20033.43,48,,Approved,
50449,2025-07-02,57,92419.13,662.0,Employed,Own,3,8654.53,14493.48,60,2.24%,Denied,
50274,2024-06-22,69,40540.15,754.0,Employed,Rent,4,9107.72,20744.06,12,7.75%,Denied,
50208,2025-06-04,69,43259.36,795.0,Employed,Rent,4,15815.07,20143.89,24,5.5%,Approved,
50272,2025-06-22,28,50290.06,703.0,Employed,Mortgage,1,5057.84,7224.75,48,9.1%,Approved,
50462,2025-05-01,68,39599.57,632.0,Employed,Mortgage,2,12307.86,17206.13,36,14.81%,Approved,
50163,2025-04-29,51,77200.8,638.0,Employed,Own,2,3048.65,31401.66,48,5.88%,Pending,
50482,2024-02-28,21,49864.7,763.0,Employed,Rent,4,4025.28,7401.51,12,7.7%,Denied,
50288,2025-10-01,24,87198.43,683.0,Retired,Own,3,6519.73,9627.21,24,6.64%,Pending,
50238,2025-09-10,25,57940.97,463.0,Employed,Own,3,0.0,19205.72,60,6.89%,Pending,
50315,2024-01-06,32,79229.59,552.0,Employed,Own,1,9932.59,7270.4,36,4.38%,Approved,
50488,2024-06-20,41,15000.0,,Self-Employed,Rent,0,13780.56,7309.36,60,9.47%,Approved,
50066,2024-08-15,60,67227.24,819.0,Employed,Rent,1,15338.28,18202.25,60,7.63%,Pending,
50214,2025-09-21,38,66377.27,765.0,Self-Employed,Own,4,7941.65,10295.04,48,5.65%,Denied,
50082,2024-02-18,31,56188.13,715.0,Employed,Rent,1,1392.91,7701.82,24,8.46%,Denied,
50145,2024-12-29,28,67748.8,691.0,Employed,Mortgage,3,0.0,17432.29,12,2.4%,Denied,
50102,2024-02-10,64,59874.86,733.0,Employed,Own,2,10254.69,17911.53,12,5.5%,Denied,
50304,2024-05-23,63,74541.17,642.0,Employed,Own,4,570.65,22009.13,36,9.85%,Denied,
50335,2024-01-27,37,15000.0,,Employed,Rent,0,8687.23,29850.14,36,8.32%,Approved,
50162,2025-08-29,64,38554.41,596.0,Employed,Rent,1,0.0,15509.08,24,8.69%,Denied,
50180,2024-04-21,66,59925.67,812.0,Retired,Mortgage,3,6996.51,2943.76,24,3.55%,Approved,
50458,2025-04-19,40,75821.43,796.0,Employed,Mortgage,0,6580.48,11368.76,36,11.11%,Approved,
50047,2025-07-05,52,48039.59,690.0,Employed,Rent,4,16499.63,3230.34,24,4.25%,Approved,
50115,2025-09-14,45,93971.5,713.0,Self-Employed,Own,3,3298.94,10960.61,12,9.15%,Denied,
50271,2024-06-08,67,45320.67,661.0,Self-Employed,Mortgage,2,2279.24,11971.3,48,9.1%,Denied,
50121,2024-01-12,64,44621.41,714.0,Employed,Rent,1,5611.61,5405.62,36,5.03%,Approved,
50475,2025-07-02,65,38588.63,623.0,Retired,Mortgage,1,9996.45,9371.9,60,9.42%,Denied,
50400,2024-07-01,34,71763.1,696.0,Employed,Mortgage,0,5450.25,19120.74,60,6.04%,Pending,
50050,2024-04-06,30,69318.04,742.0,Retired,Mortgage,3,10882.4,11937.91,36,9.74%,Approved,
50424,2024-12-14,59,51983.8,399.0,Employed,Rent,1,3670.46,1000.0,60,4.14%,Approved,
50061,2024-04-02,56,27696.46,682.0,Employed,Own,3,7728.37,2559.97,48,5.51%,Approved,
50453,2024-12-13,35,29646.73,672.0,Employed,Rent,4,10222.51,7282.68,36,2.87%,Approved,
50248,2024-04-21,22,60487.67,647.0,Self-Employed,Rent,2,16217.63,14652.02,36,7.42%,Denied,
50323,2024-11-03,38,51007.28,590.0,Employed,Mortgage,4,19278.62,14216.03,48,7.17%,Approved,
50204,2024-07-20,39,68011.62,718.0,Employed,Own,1,5170.75,17284.82,12,7.7%,Approved,
50033,2025-01-15,31,59859.7,794.0,Retired,Mortgage,2,12761.45,9963.93,36,8.49%,Approved,
50202,2025-04-26,31,30002.47,604.0,Employed,Rent,3,10533.78,7585.84,12,6.26%,Pending,
50256,2024-01-25,59,33732.73,722.0,Retired,Mortgage,0,13805.09,20119.92,24,6.3%,Approved,
50455,2024-07-10,23,75806.42,652.0,Employed,Own,3,7028.61,3232.34,24,6.46%,Approved,
50263,2025-02-07,22,64603.15,753.0,Employed,Own,3,0.0,7712.92,36,11.66%,Denied,
50349,2024-07-30,36,104316.55,803.0,Employed,Own,0,4052.0,30078.72,60,5.75%,Pending,
50397,2025-02-10,66,21856.99,702.0,Unemployed,Own,4,0.0,14188.33,48,7.66%,Approved,
50117,2024-05-31,50,84060.46,570.0,Self-Employed,Own,4,17398.87,5234.44,60,3.33%,Approved,
50124,2024-08-17,33,38935.95,570.0,Self-Employed,Own,2,5967.59,1000.0,12,8.65%,Approved,
50169,2024-01-09,49,79460.77,757.0,Employed,Rent,4,7838.71,15881.34,36,7.05%,Denied,
50379,2024-01-12,49,77143.22,583.0,Employed,Mortgage,1,10789.01,17571.38,48,7.11%,Approved,
50155,2024-09-28,64,61072.15,693.0,Employed,Mortgage,0,11025.24,11910.54,24,8.2%,Pending,
50239,2025-01-25,51,80981.5,678.0,Employed,Mortgage,2,14928.97,12011.12,36,6.36%,Denied,
50101,2024-07-14,33,54717.29,701.0,Employed,Rent,1,11841.44,1000.0,60,6.61%,Approved,
50231,2024-04-09,41,55079.19,799.0,Employed,Own,2,2564.5,14794.01,24,4.02%,Denied,
50187,2024-09-21,52,61823.1,566.0,Self-Employed,Own,1,13724.01,19395.53,48,6.55%,Denied,
50158,2025-08-17,32,23982.81,610.0,Employed,Own,1,5691.95,21713.15,60,8.46%,Pending,
50186,2024-12-17,34,99327.66,690.0,Employed,Rent,4,7332.17,4290.26,24,3.97%,Approved,
50254,2025-09-22,52,42764.31,585.0,Employed,Own,4,9224.31,17391.05,12,7.6%,Approved,
50329,2025-01-27,24,87069.73,758.0,Self-Employed,Mortgage,2,3986.85,13541.51,24,11.86%,Pending,
50212,2024-10-21,24,64126.55,565.0,Self-Employed,Own,2,14162.96,16066.5,12,8.22%,Denied,
50479,2025-04-06,31,75978.91,621.0,Employed,Rent,1,15618.54,27181.58,24,6.49%,Pending,
50002,2024-10-19,59,43849.96,585.0,Self-Employed,Mortgage,4,0.0,16016.53,24,3.01%,Denied,
50298,2024-11-16,63,55313.73,628.0,Self-Employed,Own,2,4965.97,7064.18,36,7.74%,Approved,
50157,2025-06-02,30,80731.51,572.0,Self-Employed,Mortgage,0,9569.19,21593.36,24,6.42%,Approved,
50317,2024-12-20,48,77985.94,735.0,Employed,Mortgage,2,24043.45,11620.13,48,11.52%,Approved,
50084,2025-08-11,51,33264.8,710.0,Employed,Mortgage,1,11699.08,13869.11,12,8.08%,Approved,
50374,2024-04-13,65,63894.76,749.0,Employed,Mortgage,3,3825.12,26363.39,60,,Denied,
50161,2024-04-23,63,15000.0,718.0,Retired,Rent,0,9324.65,16893.22,24,8.82%,Pending,
50320,2024-02-15,48,66277.06,755.0,Employed,Mortgage,0,14974.58,20211.14,12,6.75%,Denied,
50326,2025-02-16,62,50838.38,741.0,Employed,Mortgage,0,12541.96,17193.54,60,10.97%,Denied,
50469,2024-02-16,33,51250.67,595.0,Employed,Mortgage,1,3545.13,5548.32,24,4.27%,Approved,
50378,2024-08-02,54,71370.89,702.0,Employed,Mortgage,1,16603.88,15171.38,24,11.43%,Approved,
50260,2024-09-25,27,15000.0,682.0,Employed,Rent,0,8336.57,18845.68,60,6.85%,Approved,
50499,2025-01-22,38,,581.0,Employed,Rent,2,18024.71,25774.31,24,7.95%,Approved,
50351,2025-08-02,50,58815.37,665.0,Employed,Mortgage,1,7972.52,18663.19,48,7.96%,Approved,
50250,2024-01-13,68,73193.57,616.0,Employed,Mortgage,3,6084.43,15044.54,48,N/A,Approved,
50195,2025-07-30,27,117114.11,715.0,Employed,Mortgage,0,0.0,24004.8,24,6.06%,Denied,
50442,2025-06-14,33,57145.44,622.0,Employed,Mortgage,3,10449.78,10840.35,36,9.06%,Denied,
50487,2024-02-29,32,35996.56,473.0,Self-Employed,Mortgage,2,12558.98,14421.93,12,8.32%,Approved,
50359,2025-09-21,28,59751.12,576.0,Employed,Rent,3,6429.71,5956.04,48,5.59%,Approved,
50257,2025-04-07,46,96913.34,719.0,Employed,Mortgage,2,10165.61,28166.1,36,7.58%,Approved,
50367,2024-03-05,30,,795.0,Employed,Rent,2,8714.91,13920.63,36,7.85%,Approved,
50463,2025-08-04,41,58272.88,575.0,Employed,Own,4,1380.01,13919.08,60,5.68%,Approved,
50297,2024-02-08,39,64038.34,521.0,Employed,Rent,4,6796.67,16293.92,36,11.28%,Approved,
50380,2025-04-10,40,42795.74,800.0,Unemployed,Mortgage,4,19427.99,1000.0,24,N/A,Pending,
50454,2025-09-08,64,53221.63,734.0,Employed,Own,4,10414.32,24739.98,24,10.24%,Approved,
50181,2024-01-27,63,55261.72,573.0,Self-Employed,Rent,2,16997.2,27347.33,12,4.41%,Approved,
50092,2025-01-10,58,19958.96,639.0,Self-Employed,Mortgage,4,10760.02,19375.27,12,5.3%,Denied,
50052,2025-05-16,57,83741.25,729.0,Employed,Mortgage,4,6147.13,24916.54,60,8.68%,Approved,
50316,2024-04-14,46,38910.31,640.0,Self-Employed,Rent,4,13663.02,20839.04,48,5.2%,Approved,
50290,2024-03-13,53,39408.51,708.0,Employed,Mortgage,0,9697.14,8846.41,36,3.53%,Denied,
50229,2024-02-22,42,75312.09,621.0,Employed,Mortgage,4,13792.86,6097.65,12,6.97%,Approved,
50249,2025-04-01,26,87221.63,745.0,Self-Employed,Rent,1,6720.51,13730.16,24,4.82%,Approved,
50319,2025-01-19,61,72992.64,570.0,Employed,Mortgage,1,15552.84,21463.29,24,4.58%,Denied,
50099,2025-07-23,38,65640.86,658.0,Self-Employed,Mortgage,0,0.0,22280.32,48,6.95%,Approved,
50324,2024-01-12,22,62874.44,,Employed,Mortgage,3,8754.63,1000.0,60,,Approved,
50165,2024-10-18,45,84166.18,605.0,Employed,Rent,4,10650.2,20696.58,12,7.33%,Pending,
50205,2025-02-19,57,35813.26,748.0,Employed,Rent,0,11553.62,13264.91,60,3.66%,Approved,
50407,2024-01-16,50,45696.52,655.0,Self-Employed,Mortgage,3,13218.78,26137.32,12,9.19%,Denied,
50017,2025-05-07,65,58163.43,764.0,Employed,Own,3,8329.64,12504.03,48,9.27%,Approved,
50079,2024-03-24,56,58407.05,641.0,Employed,Mortgage,2,15840.95,1000.0,12,5.25%,Pending,
50109,2024-12-29,32,103989.12,671.0,Employed,Mortgage,4,2547.84,29083.1,48,7.83%,Denied,
50041,2024-06-03,43,85272.85,850.0,Employed,Mortgage,4,10640.89,23231.87,36,5.4%,Denied,
50049,2024-08-29,47,19239.57,747.0,Employed,Rent,3,8456.0,21542.67,12,8.3%,Approved,
50004,2024-10-28,48,74037.08,811.0,Employed,Mortgage,0,12545.25,1000.0,24,11.46%,Denied,
50492,2024-04-29,21,24283.09,731.0,Employed,Rent,3,693.66,27070.1,48,8.09%,Pending,
50355,2024-03-24,48,82033.61,743.0,Employed,Rent,1,7506.08,6021.61,48,7.38%,Approved,
50390,2025-03-17,49,105996.3,657.0,Employed,Rent,1,14844.59,14719.55,12,6.8%,Denied,
50341,2024-09-09,58,65691.19,683.0,Self-Employed,Own,0,17901.35,29424.96,36,9.26%,Pending,
50419,2024-05-09,49,62178.94,750.0,Employed,Own,2,0.0,19594.97,24,10.05%,Approved,
50001,2024-01-07,23,21113.81,660.0,Retired,Mortgage,4,259.34,11710.38,24,10.59%,Pending,
50021,2025-07-05,56,15000.0,,Employed,Mortgage,4,10672.46,21022.27,12,8.07%,Denied,
50168,2024-05-04,45,54283.45,612.0,Employed,Rent,1,18306.64,8727.04,60,7.82%,Denied,
50185,2024-11-26,53,44821.04,787.0,Employed,Mortgage,2,7541.92,12088.8,36,7.45%,Approved,
50358,2024-11-06,50,80376.02,524.0,Employed,Rent,0,15458.27,32057.3,36,7.17%,Pending,
50209,2024-11-18,31,77895.37,730.0,Employed,Rent,3,8.13,20666.02,12,8.63%,Denied,
50148,2024-11-03,35,22732.35,768.0,Employed,Rent,1,107.49,13965.53,12,9.59%,Denied,
50137,2024-04-24,47,43350.22,771.0,Retired,Rent,4,6439.61,13532.29,60,5.44%,Approved,
50076,2024-07-07,42,42239.35,755.0,Self-Employed,Mortgage,2,9735.22,16110.09,24,6.48%,Approved,
50321,2025-01-28,45,15000.0,,Employed,Mortgage,0,14775.7,24849.2,60,8.39%,Approved,
50398,2024-01-06,23,36792.0,695.0,Self-Employed,Own,0,13353.47,9334.47,48,4.54%,Denied,
50051,2024-02-05,47,90796.4,779.0,Self-Employed,Own,3,3275.59,13562.78,36,6.46%,Approved,
50496,2024-12-15,60,59130.64,784.0,Self-Employed,Mortgage,1,16728.83,18899.57,24,9.34%,Denied,
50193,2024-07-13,58,45682.08,579.0,Employed,Rent,1,6061.0,20114.13,60,10.23%,Denied,
50036,2025-02-15,28,66548.21,683.0,Employed,Own,3,7165.69,25499.88,48,11.52%,Denied,
50346,2024-01-06,27,86591.36,641.0,Retired,Own,4,8101.34,22908.53,12,4.69%,Approved,
50096,2024-04-29,42,45468.52,676.0,Retired,Rent,3,5752.07,14221.21,36,7.77%,Denied,
50225,2024-01-23,56,124576.46,563.0,Employed,Rent,2,4787.61,16417.47,60,6.67%,Denied,
50300,2024-11-15,59,81471.92,716.0,Employed,Rent,1,11294.55,5252.67,12,2.0%,Denied,
50307,2025-03-08,35,68466.36,770.0,Employed,Rent,4,9388.89,8590.24,48,2.62%,Approved,
50183,2024-08-30,47,75301.68,533.0,Self-Employed,Rent,0,10688.95,9962.9,24,4.55%,Denied,
50098,2024-06-13,24,41889.81,724.0,Self-Employed,Own,4,2654.12,25567.07,36,5.85%,Approved,
50483,2025-02-22,58,94413.72,600.0,Employed,Own,0,12697.51,33791.76,36,5.34%,Pending,
50216,2024-12-18,43,50636.84,561.0,Employed,Mortgage,0,3053.05,27468.51,48,8.85%,Approved,
50420,2024-06-23,31,29995.12,558.0,Employed,Rent,3,7855.48,12055.18,36,10.96%,Denied,
50224,2025-02-13,24,15000.0,613.0,Employed,Own,4,12096.79,5116.28,12,7.66%,Approved,
50091,2025-01-12,53,41836.07,695.0,Employed,Own,1,0.0,19726.15,36,11.86%,Denied,
50275,2024-10-10,61,63124.34,722.0,Retired,Rent,4,434.9,22303.03,36,8.63%,Approved,
50266,2025-04-02,46,34067.39,677.0,Self-Employed,Rent,1,10548.8,21266.11,24,4.87%,Denied,
50457,2024-10-25,58,99419.69,647.0,Employed,Own,4,4207.09,10559.71,48,4.78%,Approved,
50009,2025-07-11,68,109356.56,711.0,Employed,Mortgage,4,20100.48,13704.96,12,7.18%,Pending,
50337,2024-04-18,61,31490.2,525.0,Employed,Own,0,14052.63,3789.01,36,6.47%,Denied,
50362,2024-10-31,56,55364.26,681.0,Employed,Mortgage,2,25412.72,14985.15,36,6.15%,Approved,
50110,2024-07-03,45,82438.94,667.0,Employed,Mortgage,3,6823.44,12345.49,12,8.95%,Approved,
50392,2024-07-29,44,28590.72,764.0,Employed,Mortgage,3,7101.31,23595.98,48,11.04%,Approved,
50294,2024-04-01,31,,576.0,Retired,Own,3,4992.64,20428.69,60,10.61%,Pending,
50245,2024-01-30,48,56535.44,612.0,Employed,Rent,1,9383.17,10569.22,60,,Denied,
50261,2025-09-24,28,82552.72,558.0,Employed,Own,3,8080.16,17347.91,24,10.11%,Denied,
50206,2024-06-08,43,68213.51,659.0,Employed,Rent,1,0.0,4841.38,48,8.97%,Approved,
50197,2025-05-17,32,16176.89,708.0,Employed,Mortgage,1,2558.36,19377.27,24,6.74%,Denied,
50284,2024-01-20,54,44405.98,749.0,Self-Employed,Mortgage,4,21918.76,10693.81,12,9.19%,Denied,
50027,2025-07-25,58,68944.84,642.0,Employed,Rent,2,2664.85,13912.68,12,11.98%,Pending,
50032,2025-09-16,68,81792.9,637.0,Self-Employed,Own,2,11930.87,15859.98,24,4.0%,Approved,
50370,2025-07-15,65,39620.7,735.0,Employed,Mortgage,0,0.0,18288.69,48,10.16%,Approved,
50450,2025-01-07,48,83850.61,757.0,Unemployed,Own,3,2474.73,14442.07,12,7.48%,Pending,
50500,2024-04-30,25,87199.46,705.0,Employed,Rent,3,12906.12,12029.81,24,8.25%,Pending,
50189,2025-02-11,60,73869.98,641.0,Unemployed,Own,1,2376.38,8542.39,60,7.95%,Denied,
50361,2025-09-15,40,78188.13,643.0,Employed,Own,1,4913.03,7551.17,12,5.27%,Approved,
50413,2025-01-06,23,73419.46,633.0,Self-Employed,Own,1,19018.13,11101.42,48,4.32%,Pending,
50112,2024-11-06,33,69810.9,597.0,Unemployed,Own,2,957.12,7402.41,12,9.94%,Approved,
50477,2024-03-25,36,43318.17,614.0,Employed,Mortgage,0,20689.73,4313.82,48,5.86%,Pending,
50273,2024-04-19,23,37606.79,608.0,Employed,Own,4,10199.83,15483.49,12,11.43%,Approved,
50034,2024-05-23,55,29007.96,633.0,Retired,Rent,3,2685.56,7744.72,48,9.25%,Pending,
50118,2025-09-07,28,50798.92,690.0,Employed,Own,0,14545.83,11090.59,36,10.37%,Approved,
50402,2025-07-14,29,68696.63,525.0,Self-Employed,Mortgage,0,10647.44,11384.08,36,5.51%,Denied,
50210,2025-04-27,42,80742.1,850.0,Employed,Own,1,15453.88,25753.7,48,6.36%,Pending,
50431,2024-08-15,48,85125.46,644.0,Employed,Mortgage,3,12799.21,20228.64,24,5.59%,Approved,
50473,2024-07-13,24,35016.83,702.0,Employed,Mortgage,1,14357.18,12155.13,24,8.59%,Approved,
50113,2024-05-07,30,66387.25,691.0,Employed,Mortgage,4,12854.35,9558.36,24,7.49%,Pending,
50116,2025-07-03,61,15000.0,706.0,Unemployed,Mortgage,3,7003.1,21237.88,60,9.78%,Approved,
50374,2024-04-13,65,63894.76,749.0,Employed,Mortgage,3,3825.12,26363.39,60,,Denied,
50127,2024-04-04,51,46766.45,642.0,Self-Employed,Mortgage,3,5631.25,20972.89,48,3.42%,Approved,
50111,2024-08-10,21,54249.85,578.0,Self-Employed,Mortgage,1,9677.66,1000.0,24,5.05%,Denied,
50045,2024-02-27,37,71653.77,846.0,Self-Employed,Own,1,19565.78,9410.61,60,2.53%,Denied,
50350,2024-01-17,69,34300.53,766.0,Employed,Own,0,1685.61,10039.83,24,,Denied,
50281,2025-09-13,63,76446.88,786.0,Retired,Mortgage,4,6271.04,22284.36,60,13.05%,Denied,
50164,2024-07-23,48,89489.51,582.0,Self-Employed,Mortgage,1,16055.54,28398.5,12,9.62%,Approved,
50083,2024-11-13,52,,590.0,Employed,Mortgage,1,10563.78,19934.48,12,11.69%,Approved,
50018,2024-11-08,39,27080.48,680.0,Self-Employed,Rent,4,5252.99,5084.34,36,10.07%,Denied,
50465,2024-09-18,37,75664.15,752.0,Unemployed,Own,0,15078.21,17302.84,24,8.17%,Pending,
50043,2025-06-23,33,48494.79,610.0,Employed,Mortgage,3,0.0,4915.57,36,4.04%,Denied,
50464,2024-08-12,25,32298.53,625.0,Employed,Rent,4,5474.66,3504.07,48,4.38%,Approved,
50268,2024-06-09,34,40136.54,822.0,Employed,Rent,4,2624.91,25296.52,36,7.29%,Approved,
50152,2025-08-19,59,91952.19,689.0,Employed,Rent,2,8537.19,12742.7,60,5.36%,Denied,
50282,2024-05-03,51,,710.0,Employed,Own,3,3561.28,19348.67,60,5.2%,Approved,
50221,2024-07-17,37,49188.41,734.0,Employed,Mortgage,0,9583.03,8335.52,36,8.65%,Pending,
50081,2025-07-18,60,85155.94,641.0,Retired,Own,2,0.0,25977.09,24,5.13%,Denied,
50452,2025-05-03,48,95583.55,770.0,Employed,Own,3,7445.09,22047.94,24,6.76%,Approved,
50432,2025-08-15,56,60324.76,777.0,Unemployed,Rent,1,6923.55,10499.95,36,8.59%,Approved,
50196,2024-06-24,42,48940.46,554.0,Employed,Mortgage,2,10805.02,10207.35,48,7.55%,Approved,
50285,2025-04-11,22,25066.0,714.0,Employed,Mortgage,0,8200.06,36777.18,12,6.24%,Pending,
50255,2025-07-08,38,65840.96,431.0,Employed,Mortgage,3,17354.26,12040.57,12,10.22%,Approved,
50064,2024-08-23,22,90729.5,613.0,Employed,Own,1,3418.25,19152.18,36,11.13%,Approved,
50198,2024-08-20,24,93875.86,586.0,Employed,Rent,1,11121.62,10016.74,48,8.99%,Approved,
50354,2025-02-04,32,,603.0,Employed,Rent,4,10942.71,6528.37,48,8.14%,Pending,
50149,2024-06-29,65,24693.69,783.0,Employed,Mortgage,1,10106.68,9243.64,36,5.67%,Denied,
50365,2024-11-21,69,30458.81,609.0,Employed,Mortgage,4,8329.08,8863.66,24,5.6%,Denied,
50416,2024-05-31,55,72536.68,527.0,Employed,Rent,4,1919.89,24922.69,60,6.98%,Pending,
50488,2024-06-20,41,15000.0,,Self-Employed,Rent,0,13780.56,7309.36,60,9.47%,Approved,
50411,2025-04-01,52,61978.64,704.0,Employed,Mortgage,4,6826.79,17161.23,48,7.33%,Approved,
50269,2025-08-03,67,39172.14,788.0,Employed,Rent,4,8820.06,19528.81,24,8.59%,Pending,
50426,2024-02-29,28,69168.35,759.0,Employed,Mortgage,0,14908.65,22236.93,36,6.17%,Approved,
50010,2024-08-13,36,106180.03,602.0,Employed,Mortgage,3,7634.3,17022.08,36,7.39%,Approved,
50322,2024-11-25,69,27375.11,740.0,Retired,Mortgage,1,2653.45,14445.6,36,6.73%,Denied,
50015,2025-05-21,30,85839.21,557.0,Employed,Mortgage,1,17420.97,9821.13,36,9.77%,Approved,
50481,2024-03-15,39,63790.27,621.0,Employed,Own,3,19958.9,17673.38,36,7.26%,Denied,
50357,2024-03-25,61,59293.63,759.0,Retired,Rent,1,15706.74,14205.58,12,8.83%,Approved,
50385,2025-04-25,46,31034.26,850.0,Unemployed,Own,4,6217.77,17111.66,60,8.93%,Approved,
50144,2024-11-25,54,43807.98,694.0,Self-Employed,Own,0,7659.31,3731.68,36,7.51%,Denied,
50062,2025-07-11,25,115202.9,784.0,Unemployed,Mortgage,2,15555.61,27272.1,24,8.49%,Approved,
50103,2024-11-18,69,87031.8,561.0,Employed,Own,4,15449.51,6934.75,24,5.92%,Approved,
50299,2025-05-01,52,68560.11,794.0,Employed,Mortgage,1,12844.22,20366.88,60,3.57%,Approved,
50038,2025-05-03,64,87276.57,611.0,Employed,Mortgage,4,0.0,1000.0,60,8.35%,Denied,
50430,2024-07-15,22,105895.36,791.0,Employed,Mortgage,0,3150.05,18532.59,12,10.11%,Pending,
50340,2024-02-03,37,15000.0,644.0,Employed,Mortgage,0,5398.89,16368.89,60,11.67%,Approved,
50090,2024-10-24,28,44051.14,676.0,Employed,Mortgage,1,3191.56,17648.75,48,9.63%,Approved,
50292,2024-04-12,50,22335.38,765.0,Employed,Rent,3,33.27,19943.31,48,11.16%,Approved,
50441,2024-11-15,64,39182.9,714.0,Self-Employed,Rent,0,0.0,21799.77,12,12.49%,Approved,
50411,2025-04-01,52,61978.64,704.0,Employed,Mortgage,4,6826.79,17161.23,48,7.33%,Approved,
50401,2025-08-20,36,70858.48,671.0,Employed,Own,4,0.0,20223.51,60,7.29%,Pending,
50495,2024-01-22,23,60895.92,688.0,Employed,Own,4,8568.41,9405.06,60,11.6%,Pending,
50056,2025-03-11,40,46649.69,712.0,Employed,Own,4,17193.41,10056.76,24,7.42%,Approved,
50174,2025-01-26,47,102312.06,775.0,Retired,Mortgage,3,7688.73,23005.77,24,5.99%,Approved,
50338,2025-09-11,48,68116.57,651.0,Self-Employed,Mortgage,1,10976.74,18365.94,24,6.79%,Denied,
50046,2024-10-18,40,65742.86,643.0,Self-Employed,Mortgage,4,24055.83,1000.0,36,3.43%,Denied,
50080,2024-09-21,68,73581.17,568.0,Employed,Rent,2,7942.78,22461.38,24,3.27%,Approved,
50108,2024-01-12,66,37487.52,538.0,Employed,Rent,1,11877.87,7537.58,36,6.6%,Approved,
50105,2025-05-13,28,78817.93,536.0,Employed,Mortgage,4,5001.19,6470.75,12,3.56%,Denied,
50467,2024-07-10,34,19467.32,659.0,Employed,Mortgage,4,9681.26,14919.15,36,4.08%,Approved,
50339,2024-03-28,24,80337.86,833.0,Unemployed,Own,4,5161.92,11088.16,36,6.23%,Approved,
50486,2024-07-21,45,100621.25,,Employed,Rent,0,12763.32,14824.44,12,5.99%,Approved,
50077,2024-12-10,61,100099.45,615.0,Employed,Rent,3,9162.63,20822.25,24,N/A,Denied,
50188,2025-04-24,35,26688.94,792.0,Employed,Rent,3,8720.78,14025.74,12,6.91%,Pending,
50287,2024-02-02,25,52183.78,523.0,Employed,Mortgage,3,9060.31,24026.07,12,7.37%,Approved,
50104,2025-02-19,58,87624.62,563.0,Employed,Rent,3,17651.55,5207.25,60,10.36%,Denied,
50011,2024-08-29,38,45217.69,620.0,Retired,Rent,4,5666.03,19147.71,12,4.9%,Approved,
50343,2024-09-27,31,93033.76,718.0,Self-Employed,Mortgage,2,0.0,25401.62,24,8.46%,Denied,
50060,2024-05-31,43,45552.76,612.0,Employed,Own,0,11162.03,5679.64,12,6.68%,Approved,
50236,2024-09-19,22,89011.85,850.0,Employed,Own,2,5788.06,22572.1,12,5.4%,Approved,
50264,2024-01-30,62,76258.94,621.0,Employed,Own,4,19170.67,2549.4,36,3.02%,Denied,
50213,2025-04-01,33,50387.4,575.0,Employed,Own,2,18501.63,5828.2,12,3.97%,Approved,
50071,2024-08-04,66,49829.2,598.0,Employed,Own,0,14403.17,18402.94,24,12.26%,Pending,
50472,2025-08-28,61,54009.78,641.0,Employed,Mortgage,2,0.0,6229.21,48,14.02%,Approved,
50147,2025-02-18,59,74115.04,535.0,Employed,Own,2,18788.23,26817.56,60,12.73%,Pending,
50235,2024-07-28,29,51636.75,565.0,Employed,Own,3,11553.15,15803.27,24,4.17%,Approved,
50232,2024-10-16,54,87773.45,744.0,Self-Employed,Rent,4,11669.5,15507.95,24,9.57%,Pending,
50154,2025-06-13,61,58719.91,631.0,Employed,Mortgage,3,24864.18,18096.84,36,6.35%,Denied,
50107,2025-06-12,59,46995.58,636.0,Employed,Own,2,19719.32,10159.51,24,7.57%,Approved,
50159,2024-07-12,58,45795.89,733.0,Employed,Own,3,8559.71,17521.82,48,5.45%,Approved,
50171,2024-06-04,62,37280.65,678.0,Self-Employed,Mortgage,2,6534.82,14420.84,60,9.0%,Approved,
50087,2025-09-20,57,,662.0,Self-Employed,Own,2,520.07,19664.28,12,7.8%,Approved,
50247,2024-11-18,27,60194.96,602.0,Employed,Mortgage,4,7776.98,21853.55,24,8.33%,Denied,
50262,2024-03-15,60,20747.15,787.0,Unemployed,Mortgage,4,12382.3,22938.14,48,10.1%,Approved,
50200,2025-07-07,40,105077.22,722.0,Employed,Mortgage,3,6676.52,13656.46,12,4.7%,Approved,
50314,2024-09-11,48,89156.84,737.0,Employed,Rent,3,10568.14,16514.91,48,8.82%,Denied,
50485,2025-07-28,33,63615.17,452.0,Self-Employed,Mortgage,2,13774.28,12549.75,36,11.4%,Approved,
50177,2025-05-07,32,67740.34,594.0,Employed,Mortgage,2,9089.1,18437.21,48,9.61%,Approved,
50037,2025-03-13,23,84845.55,685.0,Unemployed,Mortgage,2,4816.65,17931.67,36,2.0%,Denied,
50030,2025-07-06,63,82475.98,685.0,Employed,Mortgage,4,11717.6,17763.15,12,6.55%,Approved,
50417,2024-07-21,38,41990.31,612.0,Unemployed,Own,4,11003.0,31907.1,48,2.55%,Denied,
50406,2025-05-27,35,,628.0,Self-Employed,Mortgage,0,13287.71,26055.56,24,8.9%,Pending,
50446,2025-06-28,55,23785.16,670.0,Employed,Rent,2,15742.42,11127.27,24,13.4%,Approved,
50396,2024-07-18,60,30171.47,619.0,Employed,Rent,3,18515.53,11730.71,12,10.99%,Approved,
50095,2025-03-01,36,23238.89,554.0,Employed,Mortgage,2,12197.11,9687.74,12,5.42%,Pending,
50069,2024-01-31,23,80963.85,655.0,Employed,Own,0,20678.74,18833.83,12,5.96%,Approved,
50031,2024-01-30,43,15000.0,,Employed,Own,1,0.0,5486.38,60,6.83%,Approved,
50383,2024-10-15,48,102516.89,682.0,Self-Employed,Mortgage,0,2437.0,21080.42,24,7.49%,Denied,
50170,2024-10-16,43,45015.41,690.0,Unemployed,Mortgage,2,0.0,1000.0,24,10.0%,Denied,
50368,2025-05-01,23,57803.68,671.0,Employed,Rent,1,17405.89,7415.61,36,8.24%,Approved,
50259,2025-05-26,26,,621.0,Self-Employed,Rent,4,18342.92,18583.84,36,11.79%,Pending,
50040,2025-06-12,28,53111.88,657.0,Employed,Mortgage,0,8416.98,1000.0,48,6.87%,Denied,
50344,2024-08-03,64,79852.02,812.0,Retired,Own,0,5209.08,14324.61,24,5.13%,Approved,
50026,2024-07-19,27,56905.39,667.0,Employed,Mortgage,0,5640.12,30405.49,36,11.84%,Approved,
50233,2025-06-22,22,45523.0,644.0,Employed,Own,1,14854.02,11498.82,60,9.84%,Pending,
50494,2025-05-12,45,57920.88,624.0,Employed,Rent,0,2840.55,20994.21,12,11.41%,Approved,
50070,2025-08-26,60,20743.15,850.0,Employed,Own,4,11485.14,3717.31,12,8.18%,Approved,
50191,2025-01-19,38,85924.79,659.0,Employed,Rent,3,8883.5,18445.84,48,7.55%,Approved,
50331,2024-02-07,25,47475.61,560.0,Employed,Mortgage,1,1182.64,15663.48,24,2.35%,Pending,
50057,2024-11-18,43,69131.74,615.0,Employed,Rent,3,20363.74,22801.71,24,5.9%,Approved,
50176,2025-08-06,63,15000.0,716.0,Employed,Rent,1,3121.12,19922.54,48,4.55%,Approved,
50129,2024-01-13,54,65367.28,556.0,Employed,Rent,0,10247.07,13763.22,60,9.58%,Approved,
50088,2024-04-29,43,75701.19,614.0,Employed,Rent,1,8162.27,10599.65,36,9.12%,Pending,
50023,2024-01-14,57,51773.01,585.0,Employed,Rent,0,23685.59,1000.0,24,9.36%,Approved,
50059,2025-05-16,69,38368.56,618.0,Unemployed,Rent,0,8731.24,13570.34,12,9.59%,Denied,
50241,2025-03-19,66,64674.71,512.0,Unemployed,Rent,1,10541.59,1179.95,48,4.87%,Approved,
50376,2024-09-21,36,63221.67,704.0,Employed,Mortgage,4,7934.69,3817.99,36,8.92%,Approved,
50265,2025-01-03,54,55600.55,757.0,Employed,Mortgage,4,7412.8,1000.0,24,10.29%,Approved,
50312,2025-06-19,51,54340.92,764.0,Employed,Rent,3,2373.93,1000.0,12,11.6%,Approved,
50046,2024-10-18,40,65742.86,643.0,Self-Employed,Mortgage,4,24055.83,1000.0,36,3.43%,Denied,
50093,2024-04-05,21,80214.38,630.0,Unemployed,Rent,3,14826.55,27984.29,24,6.67%,Pending,
50428,2024-04-23,67,78435.81,621.0,Self-Employed,Own,4,14218.49,18221.12,36,10.08%,Approved,
50371,2025-05-10,45,43758.97,616.0,Employed,Own,4,12518.82,9752.64,60,8.42%,Denied,
50053,2024-07-31,37,35584.56,796.0,Retired,Own,1,12875.06,21828.8,60,7.1%,Denied,
50342,2025-05-03,32,63560.54,743.0,Employed,Mortgage,0,7247.01,5887.07,36,10.5%,Approved,
50240,2025-02-17,54,43461.33,742.0,Employed,Rent,2,5231.84,13404.12,24,4.63%,Denied,
50094,2024-11-21,26,38132.92,706.0,Self-Employed,Own,2,9258.85,12639.78,24,6.91%,Approved,
50217,2024-08-06,33,74597.37,734.0,Employed,Own,4,12372.66,17582.87,24,7.44%,Approved,
50352,2025-10-01,44,37072.84,,Employed,Mortgage,4,13510.19,25815.59,12,9.95%,Approved,
50277,2024-05-14,58,47914.52,696.0,Self-Employed,Rent,1,12371.95,16880.19,12,9.94%,Denied,
50005,2025-04-20,59,38332.86,764.0,Self-Employed,Rent,4,552.69,12804.95,12,5.87%,Approved,
50130,2025-04-08,22,18278.09,641.0,Employed,Rent,4,8075.13,13589.72,12,3.22%,Pending,
50306,2024-06-17,40,55564.88,730.0,Employed,Rent,3,4761.74,18686.8,48,9.18%,Denied,
50048,2024-10-25,26,56959.32,559.0,Employed,Rent,3,11025.05,1000.0,36,7.94%,Denied,
50333,2025-04-25,35,65371.6,593.0,Self-Employed,Own,1,16081.61,18783.24,60,4.92%,Denied,
50089,2024-12-07,69,33821.26,637.0,Employed,Mortgage,2,10964.71,13942.83,12,5.94%,Approved,
50409,2024-06-27,65,26258.97,684.0,Employed,Mortgage,3,4914.38,9470.53,48,6.01%,Approved,
50136,2024-05-08,67,89184.83,711.0,Employed,Mortgage,3,8070.16,15996.58,36,10.6%,Denied,
50375,2025-01-10,50,88373.32,757.0,Employed,Rent,4,14038.91,12352.18,48,8.87%,Denied,
50436,2025-02-18,66,74485.6,696.0,Employed,Rent,0,0.0,17582.44,12,8.21%,Approved,
50175,2024-11-13,32,78750.3,634.0,Self-Employed,Mortgage,0,0.0,12120.42,36,8.84%,Approved,
50395,2024-12-31,22,39611.04,537.0,Employed,Rent,3,5789.62,17875.46,12,6.82%,Pending,
50459,2025-09-21,62,40357.81,717.0,Employed,Rent,3,15123.83,10364.17,24,7.62%,Approved,
50429,2024-07-23,46,15000.0,,Unemployed,Own,1,15766.32,16718.58,12,5.85%,Denied,
50135,2025-04-18,69,,675.0,Employed,Rent,0,2306.75,30443.97,12,9.15%,Approved,
50497,2024-07-11,66,19226.24,695.0,Employed,Mortgage,4,12073.63,3203.36,60,7.91%,Approved,
50153,2024-05-16,60,114418.78,720.0,Employed,Mortgage,3,9147.35,17574.17,48,13.72%,Pending,
50422,2025-05-12,45,59935.68,627.0,Employed,Rent,1,7674.8,11907.51,24,3.62%,Approved,
50219,2025-08-15,21,74467.65,811.0,Employed,Rent,3,10216.56,1000.0,48,6.87%,Denied,
50024,2024-11-12,50,61482.51,736.0,Self-Employed,Own,0,6572.58,11756.64,36,3.75%,Denied,
50363,2025-02-01,63,70867.05,775.0,Employed,Own,4,11576.3,24699.07,12,8.68%,Approved,
50007,2024-01-08,63,58820.09,601.0,Self-Employed,Mortgage,2,10684.3,19024.31,12,15.12%,Pending,
50466,2025-08-15,61,72195.35,816.0,Employed,Own,4,9523.2,13437.97,12,10.63%,Approved,
50415,2024-06-24,62,69713.31,613.0,Employed,Mortgage,1,11558.38,21865.06,12,4.53%,Approved,
50067,2024-05-05,37,70172.52,688.0,Employed,Rent,4,9999.85,18997.72,24,3.78%,Approved,
50476,2024-08-30,26,15000.0,616.0,Employed,Mortgage,4,11680.96,15212.67,60,7.83%,Approved,
50410,2025-05-09,37,79793.23,706.0,Employed,Own,2,6517.67,19013.12,36,11.6%,Approved,
50357,2024-03-25,61,59293.63,759.0,Retired,Rent,1,15706.74,14205.58,12,8.83%,Approved,
50028,2024-02-10,38,52386.82,592.0,Self-Employed,Rent,4,10547.55,2432.16,24,8.69%,Denied,
50215,2025-04-19,52,75229.14,629.0,Retired,Rent,4,18925.39,10281.59,24,3.06%,Approved,
50289,2024-06-21,50,82362.19,593.0,Employed,Rent,0,9046.22,21601.89,36,8.48%,Pending,
50332,2025-05-02,64,44141.37,780.0,Self-Employed,Own,4,10494.42,13636.99,36,6.69%,Approved,
50035,2024-11-06,27,48342.08,656.0,Employed,Own,2,13051.28,14202.22,48,5.85%,Approved,
50490,2024-06-26,37,15000.0,722.0,Self-Employed,Mortgage,3,10851.98,1000.0,60,10.22%,Approved,
50242,2024-06-04,28,65795.03,664.0,Retired,Rent,1,20873.01,12607.05,24,8.21%,Approved,
50223,2024-04-18,52,,567.0,Employed,Mortgage,4,8739.89,1000.0,36,9.58%,Approved,
50474,2025-08-21,51,69154.39,690.0,Employed,Rent,3,5483.82,28238.44,24,,Approved,
50243,2024-01-30,59,73211.86,539.0,Unemployed,Mortgage,1,2953.16,14751.29,48,6.69%,Denied,
50120,2025-07-07,52,31786.39,702.0,Unemployed,Rent,0,16164.22,1000.0,24,6.08%,Pending,
50190,2024-03-16,26,106639.24,692.0,Employed,Rent,0,8918.1,5667.62,48,6.42%,Approved,
50336,2024-08-24,55,47582.01,690.0,Self-Employed,Mortgage,2,9807.97,4204.62,48,10.16%,Approved,
50327,2024-08-25,52,64574.87,726.0,Retired,Rent,0,3423.53,16988.27,36,6.06%,Approved,
50328,2024-02-12,66,63103.37,611.0,Employed,Mortgage,4,14149.62,20207.09,24,7.53%,Approved,
50166,2024-01-27,54,56330.8,655.0,Retired,Rent,0,18924.87,3787.82,12,2.0%,Approved,
50146,2024-04-07,58,88513.89,777.0,Employed,Own,4,6553.78,20566.5,12,7.98%,Approved,
50310,2025-09-18,57,40217.56,755.0,Unemployed,Rent,1,10217.47,10885.68,12,6.98%,Approved,
50377,2025-07-13,67,58313.43,683.0,Self-Employed,Mortgage,4,0.0,19872.5,24,12.94%,Approved,
50244,2024-05-22,28,15000.0,688.0,Employed,Rent,1,1069.25,26482.45,48,11.82%,Approved,
50437,2025-05-29,41,96494.29,627.0,Employed,Mortgage,2,18520.56,25660.78,48,8.15%,Approved,
50128,2024-08-24,26,45322.0,772.0,Employed,Own,3,9185.2,10653.44,24,6.56%,Denied,
50403,2024-01-10,68,49552.62,660.0,Self-Employed,Own,2,16397.99,14015.57,12,4.57%,Denied,
50258,2024-08-29,69,34885.4,565.0,Employed,Mortgage,0,8433.44,18045.21,60,7.94%,Approved,
50122,2024-07-06,63,47906.84,771.0,Retired,Rent,2,109.35,15112.52,12,8.86%,Approved,
50325,2024-05-20,68,42769.67,682.0,Retired,Rent,2,4221.31,7525.51,36,7.11%,Approved,
50387,2025-06-15,26,57223.08,638.0,Self-Employed,Mortgage,2,2370.89,18830.67,24,7.75%,Approved,
50267,2025-07-25,23,15000.0,680.0,Self-Employed,Own,2,1833.07,16512.91,12,8.98%,Approved,
50308,2024-10-13,60,70129.93,597.0,Employed,Rent,0,7030.36,1000.0,48,7.01%,Denied,
50014,2024-10-07,60,61755.2,544.0,Employed,Rent,3,2866.05,2136.41,48,10.03%,Approved,
50280,2024-01-10,53,35125.9,715.0,Employed,Own,0,0.0,1000.0,36,11.01%,Pending,
50443,2024-03-30,47,35634.05,637.0,Employed,Mortgage,1,20766.14,8156.77,48,6.06%,Approved,
50433,2025-05-29,43,53491.28,692.0,Unemployed,Mortgage,2,11476.06,6211.4,60,11.63%,Denied,
50364,2024-05-28,61,59369.27,651.0,Retired,Mortgage,4,5922.87,5534.01,36,2.53%,Approved,
50182,2025-09-17,60,75979.51,734.0,Employed,Mortgage,3,15454.44,20976.49,60,10.31%,Denied,
50078,2024-08-06,53,57251.3,773.0,Employed,Rent,1,0.0,39711.18,12,9.57%,Approved,
50055,2025-09-26,68,44082.13,642.0,Retired,Mortgage,3,13465.65,2375.56,24,2.0%,Approved,
50498,2024-08-26,60,126449.3,642.0,Self-Employed,Mortgage,2,12350.07,13980.06,36,9.23%,Approved,
