customer_id,customer_name,state,dob
CUS-0001,Lily Walker,WA,1975-04-26
CUS-0002,Oscar Khan,WA,1991-05-23
CUS-0003,Mason Hughes,QLD,1958-04-18
CUS-0004,Grace Brown,VIC,1978-05-05
CUS-0005,Liam Wilson,NSW,1982-11-27
CUS-0006,Jack Lee,VIC,1956-05-23
CUS-0007,Lily Nguyen,NSW,1980-10-19
CUS-0008,Ethan Lee,NSW,1967-09-30
CUS-0009,Chloe Hughes,NSW,1981-03-19
CUS-0010,Chloe Kelly,WA,1975-08-18
CUS-0011,Grace Wilson,SA,1978-03-22
CUS-0012,Ava Wilson,NSW,1977-02-28
CUS-0013,Isla Wilson,NSW,1981-10-03
CUS-0014,Archie Kelly,NSW,1969-01-22
CUS-0015,Ethan Chen,NSW,1979-07-23
CUS-0016,Mason Chen,NSW,1972-10-28
CUS-0017,Zoe Young,QLD,1967-09-20
CUS-0018,Grace Hughes,VIC,1986-12-29
CUS-0019,Isla Evans,VIC,1994-10-31
CUS-0020,Ava Young,NSW,1998-01-17
CUS-0021,Ethan Brown,QLD,1973-11-08
CUS-0022,Grace Patel,NSW,1993-02-23
CUS-0023,Henry Evans,VIC,1985-05-07
CUS-0024,Chloe Nguyen,VIC,1964-05-25
CUS-0025,Ruby Nguyen,SA,1980-02-16
CUS-0026,Chloe Chen,NSW,1971-03-10
CUS-0027,Archie Kelly,QLD,1995-06-27
CUS-0028,Grace Khan,NSW,1963-05-30
CUS-0029,Grace Walker,SA,1973-01-06
CUS-0030,Ruby Chen,VIC,2000-02-07
CUS-0031,Jack Kelly,VIC,1979-09-01
CUS-0032,Lucas Brown,WA,1958-10-05
CUS-0033,Archie Nguyen,QLD,1979-12-19
CUS-0034,Liam Brown,NSW,1984-07-24
CUS-0035,Archie Murray,NSW,2001-05-20
CUS-0036,Henry Brown,NT,1957-05-02
CUS-0037,Isla Taylor,NSW,1991-01-04
CUS-0038,Ethan Nguyen,NSW,1973-10-15
CUS-0039,Ella Lee,TAS,1982-07-04
CUS-0040,Oscar Patel,NSW,1976-04-16
CUS-0041,Zoe Wilson,NSW,1997-11-29
CUS-0042,Archie Khan,NSW,1962-09-28
CUS-0043,Noah Chen,NSW,1995-04-08
CUS-0044,Lily Lee,VIC,1972-04-18
CUS-0045,Isla Walker,QLD,1990-10-20
CUS-0046,Olivia Murray,NSW,1969-03-15
CUS-0047,Ethan Smith,NSW,1998-02-17
CUS-0048,Mia Chen,WA,1995-07-31
CUS-0049,Isla Chen,WA,1958-09-04
CUS-0050,Ella Lee,VIC,1973-01-06
CUS-0051,Oscar Taylor,NSW,1963-09-28
CUS-0052,Ella Evans,VIC,1985-05-17
CUS-0053,Chloe Nguyen,QLD,1965-08-22
CUS-0054,Oscar Singh,VIC,1999-04-01
CUS-0055,Mason Taylor,WA,1967-05-20
CUS-0056,Mia Patel,VIC,1996-12-25
CUS-0057,Lucas Lee,VIC,1971-12-13
CUS-0058,Ruby Singh,NSW,1979-11-21
CUS-0059,Mason Young,VIC,1972-01-07
CUS-0060,Lucas Evans,QLD,1990-04-18
CUS-0061,Ruby Evans,QLD,1997-09-05
CUS-0062,Ruby Walker,NSW,1965-01-23
CUS-0063,Zoe Walker,NT,1980-09-14
CUS-0064,Archie Patel,QLD,1997-05-18
CUS-0065,Mason Kelly,VIC,1982-07-10
CUS-0066,Lucas Brown,VIC,2002-02-03
CUS-0067,Liam Singh,QLD,1959-07-10
CUS-0068,Grace Smith,NSW,1954-12-11
CUS-0069,Ruby Young,QLD,1983-08-10
CUS-0070,Archie Brown,QLD,1987-02-11
CUS-0071,Olivia Walker,VIC,1972-08-11
CUS-0072,Olivia Wilson,WA,1978-02-16
CUS-0073,Ethan Lee,VIC,1965-12-22
CUS-0074,Liam Walker,VIC,1992-05-18
CUS-0075,Zoe Patel,NSW,1984-11-08
CUS-0076,Grace Lee,SA,1992-07-29
CUS-0077,Ethan Young,NSW,1956-06-20
CUS-0078,Ella Khan,QLD,1983-04-20
CUS-0079,Archie Evans,VIC,1971-04-12
CUS-0080,Jack Patel,SA,1964-10-05
CUS-0081,Mason Brown,TAS,1972-04-22
CUS-0082,Leo Khan,NSW,2001-05-03
CUS-0083,Mia Chen,NT,1954-12-27
CUS-0084,Olivia Patel,QLD,1961-04-24
CUS-0085,Lucas Khan,NSW,1987-01-27
CUS-0086,Archie Walker,VIC,1954-06-19
CUS-0087,Mason Evans,NSW,1959-10-23
CUS-0088,Liam Singh,VIC,1975-09-29
CUS-0089,Archie Singh,NSW,1981-03-27
CUS-0090,Mia Brown,VIC,1986-01-01
CUS-0091,Isla Nguyen,NSW,1990-11-01
CUS-0092,Archie Khan,QLD,1991-10-22
CUS-0093,Mason Kelly,WA,1996-10-07
CUS-0094,Leo Chen,SA,1994-03-04
CUS-0095,Ethan Taylor,VIC,1954-11-18
CUS-0096,Ruby Hughes,VIC,1987-10-16
CUS-0097,Liam Nguyen,NSW,1992-02-14
CUS-0098,Isla Taylor,VIC,1961-12-05
CUS-0099,Grace Nguyen,ACT,1973-09-15
CUS-0100,Lily Smith,NSW,2002-10-04
CUS-0101,Ruby Young,WA,1990-03-18
CUS-0102,Chloe Walker,QLD,1964-06-27
CUS-0103,Isla Singh,NSW,1989-11-08
CUS-0104,Liam Chen,QLD,1970-06-02
CUS-0105,Ruby Lee,NSW,1974-02-06
CUS-0106,Oscar Taylor,SA,2002-02-16
CUS-0107,Liam Evans,NSW,1996-01-30
CUS-0108,Jack Walker,NSW,1999-02-24
CUS-0109,Henry Taylor,QLD,1962-02-21
CUS-0110,Lily Chen,VIC,1966-01-14
CUS-0111,Zoe Hughes,NSW,1996-05-25
CUS-0112,Leo Khan,VIC,1970-02-14
CUS-0113,Archie Patel,NSW,1995-09-06
CUS-0114,Ruby Khan,VIC,1987-07-22
CUS-0115,Ava Nguyen,QLD,1969-09-02
CUS-0116,Mason Hughes,WA,1960-11-11
CUS-0117,Isla Hughes,NSW,1988-12-11
CUS-0118,Ella Patel,QLD,1992-01-20
CUS-0119,Grace Singh,NT,2001-04-30
CUS-0120,Grace Lee,VIC,1982-10-10
CUS-0121,Archie Nguyen,QLD,1975-09-01
CUS-0122,Henry Walker,NSW,1997-05-20
CUS-0123,Ethan Hughes,WA,1970-11-13
CUS-0124,Archie Chen,QLD,1971-09-27
CUS-0125,Liam Murray,SA,1995-11-30
CUS-0126,Mia Brown,WA,1998-03-10
CUS-0127,Noah Brown,WA,1993-08-14
CUS-0128,Lily Taylor,NSW,1994-10-20
CUS-0129,Chloe Patel,QLD,1994-10-23
CUS-0130,Lucas Taylor,NSW,1965-08-01
CUS-0131,Ava Young,NSW,1991-04-25
CUS-0132,Henry Evans,VIC,1978-10-14
CUS-0133,Archie Taylor,QLD,1965-10-20
CUS-0134,Chloe Wilson,QLD,1970-02-22
CUS-0135,Liam Young,SA,1983-01-01
CUS-0136,Mia Kelly,NSW,1967-05-21
CUS-0137,Mia Young,NSW,2002-12-27
CUS-0138,Noah Chen,VIC,1973-05-17
CUS-0139,Archie Chen,WA,1985-09-26
CUS-0140,Henry Khan,VIC,1993-09-09
CUS-0141,Leo Murray,VIC,1994-07-03
CUS-0142,Mason Evans,QLD,1968-10-29
CUS-0143,Grace Singh,QLD,1955-04-10
CUS-0144,Lily Khan,NSW,1997-02-23
CUS-0145,Lucas Singh,NSW,1988-07-30
CUS-0146,Isla Khan,VIC,1989-03-29
CUS-0147,Liam Smith,SA,1978-03-28
CUS-0148,Mia Singh,QLD,1981-04-09
CUS-0149,Noah Chen,NSW,1969-03-30
CUS-0150,Zoe Young,VIC,1997-01-04
CUS-0151,Isla Wilson,VIC,1978-10-09
CUS-0152,Leo Hughes,QLD,1997-06-12
CUS-0153,Oscar Walker,QLD,1963-01-20
CUS-0154,Ava Murray,TAS,1971-10-29
CUS-0155,Chloe Walker,VIC,1959-08-28
CUS-0156,Lily Young,VIC,1966-05-25
CUS-0157,Jack Taylor,QLD,1969-12-01
CUS-0158,Ella Singh,SA,1984-09-19
CUS-0159,Isla Brown,QLD,1961-09-11
CUS-0160,Noah Nguyen,VIC,1983-06-29
CUS-0161,Ethan Brown,WA,1991-06-15
CUS-0162,Jack Khan,VIC,1992-07-18
CUS-0163,Grace Lee,ACT,1977-03-11
CUS-0164,Mason Smith,NSW,1977-06-10
CUS-0165,Isla Evans,NSW,1990-04-06
CUS-0166,Lily Kelly,WA,1974-01-31
CUS-0167,Noah Evans,NSW,1992-06-09
CUS-0168,Ethan Walker,WA,1957-03-13
CUS-0169,Lucas Wilson,QLD,2001-07-16
CUS-0170,Chloe Young,VIC,2001-08-03
CUS-0171,Leo Kelly,NSW,1986-12-16
CUS-0172,Mia Walker,WA,1958-03-10
CUS-0173,Ruby Walker,NSW,1992-12-01
CUS-0174,Liam Patel,ACT,1954-02-22
CUS-0175,Isla Nguyen,WA,1986-11-05
CUS-0176,Oscar Singh,NSW,1986-03-26
CUS-0177,Olivia Hughes,NSW,1997-01-10
CUS-0178,Oscar Lee,SA,1967-06-15
CUS-0179,Henry Murray,VIC,1960-03-29
CUS-0180,Grace Smith,NSW,1962-02-08
CUS-0181,Lily Khan,VIC,1995-03-01
CUS-0182,Oscar Hughes,NSW,1971-07-06
CUS-0183,Isla Khan,VIC,1980-02-04
CUS-0184,Henry Chen,QLD,1988-11-24
CUS-0185,Grace Khan,SA,1965-11-26
CUS-0186,Jack Nguyen,WA,1972-09-24
CUS-0187,Noah Nguyen,NSW,1960-01-05
CUS-0188,Ruby Nguyen,VIC,1960-05-07
CUS-0189,Jack Wilson,VIC,1961-10-25
CUS-0190,Isla Brown,NT,1997-08-16
CUS-0191,Lily Brown,NSW,1972-12-28
CUS-0192,Archie Evans,VIC,1979-08-01
CUS-0193,Mia Nguyen,SA,1994-05-28
CUS-0194,Ava Evans,VIC,2001-08-08
CUS-0195,Chloe Patel,NSW,1993-07-03
CUS-0196,Chloe Walker,VIC,1961-10-24
CUS-0197,Liam Nguyen,VIC,1969-12-07
CUS-0198,Ethan Wilson,SA,1964-11-28
CUS-0199,Mason Young,NSW,1958-04-29
CUS-0200,Henry Chen,NSW,2000-12-15
CUS-0201,Ella Hughes,NSW,1983-10-25
CUS-0202,Ruby Walker,QLD,1966-05-02
CUS-0203,Mia Evans,NSW,1966-03-19
CUS-0204,Mia Brown,SA,1969-09-06
CUS-0205,Leo Evans,SA,1996-07-07
CUS-0206,Lucas Nguyen,SA,1996-07-19
CUS-0207,Mia Hughes,NSW,1981-03-30
CUS-0208,Ethan Young,NSW,1977-01-26
CUS-0209,Lily Lee,VIC,1987-03-04
CUS-0210,Olivia Nguyen,ACT,1969-05-18
CUS-0211,Mason Taylor,QLD,1992-04-04
CUS-0212,Grace Taylor,NSW,1986-03-12
CUS-0213,Noah Smith,QLD,1998-02-24
CUS-0214,Ava Walker,SA,1978-03-30
CUS-0215,Chloe Hughes,ACT,1966-04-15
CUS-0216,Ava Taylor,QLD,1955-01-19
CUS-0217,Oscar Lee,WA,1991-08-22
CUS-0218,Ruby Hughes,WA,1971-12-08
CUS-0219,Ava Patel,VIC,2000-07-04
CUS-0220,Grace Hughes,NSW,1978-08-15
CUS-0221,Leo Khan,QLD,1959-12-18
CUS-0222,Ethan Brown,NSW,1999-01-21
CUS-0223,Mason Evans,VIC,1984-01-12
CUS-0224,Lucas Walker,NT,1997-07-16
CUS-0225,Jack Evans,VIC,1976-04-10
CUS-0226,Leo Smith,VIC,1961-01-22
CUS-0227,Ethan Walker,TAS,1980-07-12
CUS-0228,Liam Walker,NSW,1966-10-26
CUS-0229,Lily Lee,NT,1988-11-21
CUS-0230,Oscar Hughes,SA,1962-12-11
CUS-0231,Lucas Taylor,VIC,1991-12-09
CUS-0232,Liam Murray,VIC,1974-02-10
CUS-0233,Ava Lee,NSW,1985-04-20
CUS-0234,Ethan Khan,SA,1974-08-05
CUS-0235,Chloe Patel,NSW,1989-01-17
CUS-0236,Ava Nguyen,NSW,1977-06-30
CUS-0237,Ethan Walker,SA,1989-08-18
CUS-0238,Oscar Brown,QLD,1966-01-26
CUS-0239,Noah Evans,QLD,1991-04-13
CUS-0240,Ella Young,QLD,1986-10-14
CUS-0241,Henry Singh,NSW,2002-04-22
CUS-0242,Noah Wilson,NSW,1978-01-14
CUS-0243,Henry Kelly,VIC,2002-08-12
CUS-0244,Archie Walker,NSW,1979-08-10
CUS-0245,Mason Smith,VIC,1960-06-20
CUS-0246,Mason Singh,QLD,1970-10-03
CUS-0247,Grace Patel,QLD,1977-01-25
CUS-0248,Noah Walker,QLD,1992-10-08
CUS-0249,Oscar Lee,NSW,1960-03-14
CUS-0250,Zoe Singh,NSW,2001-06-27
CUS-0251,Ava Taylor,SA,1993-05-07
CUS-0252,Oscar Chen,NSW,1998-07-16
CUS-0253,Jack Brown,VIC,1985-04-25
CUS-0254,Isla Brown,NSW,1994-02-13
CUS-0255,Mia Taylor,SA,1995-06-12
CUS-0256,Henry Kelly,NSW,1960-12-14
CUS-0257,Mason Smith,VIC,1976-04-10
CUS-0258,Ava Hughes,VIC,1967-12-16
CUS-0259,Leo Evans,QLD,1977-06-12
CUS-0260,Henry Wilson,SA,1966-11-07
CUS-0261,Noah Smith,QLD,1965-03-08
CUS-0262,Noah Hughes,VIC,1981-05-26
CUS-0263,Lily Patel,NSW,1961-05-12
CUS-0264,Zoe Patel,QLD,1997-03-23
CUS-0265,Grace Patel,ACT,1956-10-04
CUS-0266,Ella Smith,NSW,1980-07-11
CUS-0267,Isla Khan,QLD,1995-10-21
CUS-0268,Isla Wilson,NSW,1960-05-23
CUS-0269,Grace Wilson,VIC,1970-08-06
CUS-0270,Leo Lee,VIC,1978-05-13
CUS-0271,Ethan Evans,QLD,1989-05-26
CUS-0272,Henry Patel,NT,1972-12-25
CUS-0273,Olivia Singh,QLD,1963-10-19
CUS-0274,Noah Khan,VIC,1984-10-04
CUS-0275,Henry Singh,QLD,1995-08-16
CUS-0276,Ava Murray,VIC,1995-01-03
CUS-0277,Ethan Smith,VIC,1964-07-14
CUS-0278,Oscar Murray,VIC,1972-09-03
CUS-0279,Liam Hughes,VIC,1990-02-27
CUS-0280,Zoe Lee,NSW,1979-01-22
CUS-0281,Henry Walker,NSW,1994-09-17
CUS-0282,Ava Taylor,NSW,1986-07-06
CUS-0283,Isla Smith,VIC,1963-11-14
CUS-0284,Mia Chen,NSW,1990-10-12
CUS-0285,Lily Hughes,WA,1955-06-22
CUS-0286,Grace Brown,WA,1969-01-01
CUS-0287,Jack Wilson,VIC,2000-04-14
CUS-0288,Isla Chen,QLD,1987-10-14
CUS-0289,Mia Murray,SA,1987-06-30
CUS-0290,Ella Khan,VIC,1974-09-06
CUS-0291,Mason Patel,VIC,1954-10-05
CUS-0292,Henry Patel,VIC,1990-07-26
CUS-0293,Liam Hughes,QLD,1994-04-28
CUS-0294,Ethan Walker,TAS,1966-07-23
CUS-0295,Chloe Murray,NSW,1972-04-21
CUS-0296,Ruby Young,ACT,1984-06-16
CUS-0297,Ella Young,QLD,1968-04-03
CUS-0298,Leo Lee,WA,1979-07-13
CUS-0299,Liam Hughes,QLD,1959-05-28
CUS-0300,Ella Singh,WA,1957-12-21
CUS-0301,Ava Walker,VIC,1987-10-30
CUS-0302,Noah Patel,QLD,1967-09-26
CUS-0303,Henry Hughes,NSW,1978-06-06
CUS-0304,Mason Hughes,VIC,1966-01-16
CUS-0305,Ava Murray,QLD,1984-11-16
CUS-0306,Mia Kelly,NSW,1986-12-23
CUS-0307,Chloe Singh,NSW,2002-05-12
CUS-0308,Ava Singh,WA,1961-04-09
CUS-0309,Ethan Nguyen,WA,1977-02-15
CUS-0310,Ava Lee,QLD,1984-07-12
CUS-0311,Ruby Chen,VIC,1976-03-26
CUS-0312,Chloe Singh,QLD,1954-04-19
CUS-0313,Archie Chen,NSW,1962-12-22
CUS-0314,Olivia Murray,QLD,1959-09-02
CUS-0315,Leo Singh,VIC,1984-04-17
CUS-0316,Olivia Lee,QLD,1970-08-20
CUS-0317,Jack Khan,VIC,1977-06-02
CUS-0318,Lucas Singh,NSW,1962-06-27
CUS-0319,Leo Patel,QLD,1967-05-10
CUS-0320,Olivia Hughes,VIC,1976-02-05
CUS-0321,Lily Young,QLD,1979-02-21
CUS-0322,Chloe Patel,VIC,1967-09-04
CUS-0323,Ava Murray,NSW,1978-07-21
CUS-0324,Lily Lee,VIC,1996-12-01
CUS-0325,Lucas Khan,QLD,2000-03-15
CUS-0326,Jack Smith,SA,1954-12-19
CUS-0327,Ruby Smith,SA,1990-07-23
CUS-0328,Oscar Young,NSW,1963-02-15
CUS-0329,Chloe Smith,QLD,1997-01-29
CUS-0330,Noah Patel,NSW,1996-09-09
CUS-0331,Zoe Evans,QLD,2001-01-18
CUS-0332,Archie Kelly,VIC,1991-11-19
CUS-0333,Lily Hughes,VIC,1955-04-15
CUS-0334,Henry Brown,VIC,1974-05-29
CUS-0335,Ethan Khan,VIC,2002-03-14
CUS-0336,Leo Brown,QLD,1965-02-28
CUS-0337,Grace Hughes,QLD,1957-07-27
CUS-0338,Chloe Smith,QLD,1995-05-28
CUS-0339,Jack Kelly,VIC,1976-04-07
CUS-0340,Noah Nguyen,QLD,1955-11-07
CUS-0341,Chloe Taylor,VIC,1986-05-24
CUS-0342,Lucas Wilson,QLD,1986-08-07
CUS-0343,Ruby Murray,VIC,1972-08-21
CUS-0344,Mia Kelly,VIC,1954-09-26
CUS-0345,Isla Nguyen,NSW,1957-07-16
CUS-0346,Lily Young,VIC,1966-12-26
CUS-0347,Jack Khan,NSW,1989-05-24
CUS-0348,Jack Khan,VIC,1979-01-15
CUS-0349,Oscar Brown,NSW,1994-07-12
CUS-0350,Liam Singh,QLD,1985-07-18
CUS-0351,Isla Brown,SA,1956-07-18
CUS-0352,Zoe Smith,VIC,1998-11-13
CUS-0353,Ruby Nguyen,NSW,1996-06-19
CUS-0354,Archie Chen,QLD,1998-02-13
CUS-0355,Grace Smith,NSW,1993-02-16
CUS-0356,Noah Patel,SA,1972-01-09
CUS-0357,Mason Lee,NSW,1984-11-02
CUS-0358,Ella Kelly,VIC,1965-03-10
CUS-0359,Lily Patel,VIC,1973-07-03
CUS-0360,Noah Walker,NSW,1958-10-01
CUS-0361,Henry Wilson,NSW,1987-03-30
CUS-0362,Jack Chen,NSW,1985-10-24
CUS-0363,Leo Wilson,QLD,2001-07-17
CUS-0364,Grace Chen,NT,1957-06-24
CUS-0365,Isla Walker,VIC,1962-06-13
CUS-0366,Ethan Chen,WA,1988-06-03
CUS-0367,Archie Singh,NSW,1991-11-28
CUS-0368,Lily Hughes,VIC,1956-02-17
CUS-0369,Noah Lee,VIC,1977-10-24
CUS-0370,Lucas Patel,NSW,1957-01-14
CUS-0371,Jack Patel,WA,1987-01-17
CUS-0372,Ava Smith,QLD,1995-02-04
CUS-0373,Zoe Young,NSW,1974-09-15
CUS-0374,Archie Young,NSW,1960-08-30
CUS-0375,Mia Brown,WA,1997-03-24
CUS-0376,Oscar Young,NT,1968-06-02
CUS-0377,Grace Brown,QLD,2001-01-09
CUS-0378,Isla Chen,WA,1968-11-17
CUS-0379,Ruby Kelly,NT,1959-05-31
CUS-0380,Zoe Khan,QLD,1961-06-27
CUS-0381,Leo Nguyen,QLD,1973-01-27
CUS-0382,Leo Taylor,NSW,1976-12-07
CUS-0383,Ava Evans,VIC,1996-07-29
CUS-0384,Archie Smith,QLD,1978-11-22
CUS-0385,Zoe Brown,SA,1957-04-01
CUS-0386,Lily Kelly,NSW,1985-11-18
CUS-0387,Henry Khan,VIC,1989-01-12
CUS-0388,Chloe Hughes,NSW,1960-09-14
CUS-0389,Leo Lee,QLD,1976-07-26
CUS-0390,Archie Hughes,VIC,1958-09-11
CUS-0391,Grace Murray,WA,2000-09-01
CUS-0392,Jack Lee,NSW,1995-04-20
CUS-0393,Isla Walker,QLD,1969-08-21
CUS-0394,Archie Murray,QLD,1965-12-05
CUS-0395,Ava Wilson,VIC,1955-11-08
CUS-0396,Ava Patel,NSW,1989-11-22
CUS-0397,Liam Hughes,VIC,1990-01-08
CUS-0398,Leo Patel,QLD,1993-05-08
CUS-0399,Lucas Khan,NSW,1966-01-24
CUS-0400,Grace Evans,NSW,1993-05-02
CUS-0401,Archie Taylor,VIC,1958-04-25
CUS-0402,Grace Khan,NSW,1974-04-18
CUS-0403,Mason Patel,WA,1969-02-13
CUS-0404,Jack Chen,WA,1989-04-14
CUS-0405,Jack Smith,TAS,1967-07-19
CUS-0406,Noah Young,WA,1991-05-05
CUS-0407,Lucas Evans,QLD,1994-08-11
CUS-0408,Ruby Hughes,NSW,1998-06-14
CUS-0409,Chloe Wilson,WA,1995-11-12
CUS-0410,Mason Hughes,QLD,1987-04-07
CUS-0411,Ethan Murray,QLD,1997-12-21
CUS-0412,Grace Walker,QLD,1965-12-03
CUS-0413,Grace Young,WA,1985-10-04
CUS-0414,Mia Singh,NSW,2001-10-16
CUS-0415,Mia Singh,QLD,1959-03-31
CUS-0416,Olivia Murray,VIC,1979-04-07
CUS-0417,Mia Lee,VIC,1971-10-09
CUS-0418,Isla Taylor,VIC,1973-10-23
CUS-0419,Ethan Walker,NSW,1964-08-29
CUS-0420,Ruby Brown,VIC,2000-06-22
CUS-0421,Olivia Chen,VIC,1985-04-17
CUS-0422,Zoe Hughes,VIC,1988-09-29
CUS-0423,Chloe Smith,WA,1975-04-23
CUS-0424,Isla Murray,QLD,1958-07-29
CUS-0425,Leo Nguyen,QLD,2002-12-04
CUS-0426,Oscar Young,NT,1954-03-04
CUS-0427,Leo Kelly,NSW,1979-09-05
CUS-0428,Ethan Singh,VIC,1961-05-06
CUS-0429,Liam Murray,NSW,1956-09-21
CUS-0430,Zoe Chen,VIC,1994-07-23
CUS-0431,Lily Murray,TAS,1991-05-09
CUS-0432,Archie Smith,NSW,1965-09-24
CUS-0433,Archie Evans,QLD,1982-12-04
CUS-0434,Ruby Chen,WA,1980-03-14
CUS-0435,Olivia Khan,VIC,1987-12-02
CUS-0436,Ella Nguyen,WA,1994-05-07
CUS-0437,Lily Kelly,VIC,1961-05-29
CUS-0438,Chloe Walker,VIC,1979-07-25
CUS-0439,Liam Chen,VIC,2002-11-01
CUS-0440,Leo Smith,NSW,1957-02-19
CUS-0441,Leo Evans,NSW,1997-08-13
CUS-0442,Ava Brown,NSW,1960-04-24
CUS-0443,Olivia Brown,NT,1968-02-29
CUS-0444,Jack Khan,VIC,1983-01-10
CUS-0445,Zoe Brown,NSW,1983-03-18
CUS-0446,Isla Kelly,SA,1999-05-05
CUS-0447,Grace Hughes,NSW,1983-01-12
CUS-0448,Lily Murray,ACT,1958-02-08
CUS-0449,Chloe Chen,WA,1959-12-21
CUS-0450,Ruby Hughes,QLD,1954-06-15
CUS-0451,Noah Kelly,VIC,1970-09-09
CUS-0452,Grace Evans,NSW,1977-04-18
CUS-0453,Olivia Lee,NSW,1963-11-17
CUS-0454,Lucas Walker,NSW,1991-03-01
CUS-0455,Oscar Walker,VIC,1958-01-14
CUS-0456,Ruby Singh,VIC,1976-11-30
CUS-0457,Chloe Chen,SA,1981-04-02
CUS-0458,Jack Singh,VIC,1968-07-13
CUS-0459,Noah Murray,NT,1974-01-06
CUS-0460,Lily Singh,QLD,1979-05-26
CUS-0461,Ruby Kelly,NSW,1958-01-21
CUS-0462,Liam Hughes,VIC,1985-12-11
CUS-0463,Henry Chen,NSW,1961-05-26
CUS-0464,Liam Taylor,NSW,1990-03-20
CUS-0465,Noah Lee,TAS,1982-12-12
CUS-0466,Grace Singh,VIC,1988-04-16
CUS-0467,Lucas Lee,NSW,1993-03-01
CUS-0468,Liam Hughes,NSW,2000-01-27
CUS-0469,Archie Kelly,QLD,1975-06-18
CUS-0470,Leo Murray,VIC,1990-08-19
CUS-0471,Henry Nguyen,NSW,1954-02-28
CUS-0472,Isla Singh,QLD,1956-07-15
CUS-0473,Henry Lee,NSW,1987-09-07
CUS-0474,Jack Evans,WA,2002-02-04
CUS-0475,Ethan Chen,VIC,1966-03-24
CUS-0476,Grace Walker,VIC,1967-08-05
CUS-0477,Leo Walker,VIC,1985-12-17
CUS-0478,Jack Evans,QLD,1964-03-04
CUS-0479,Lucas Singh,NT,1997-10-13
CUS-0480,Chloe Patel,WA,1983-08-01
CUS-0481,Ava Wilson,NSW,1992-12-16
CUS-0482,Ella Wilson,VIC,1973-09-01
CUS-0483,Mia Singh,NSW,1999-02-06
CUS-0484,Mason Young,NSW,1992-09-23
CUS-0485,Zoe Taylor,NSW,1995-12-07
CUS-0486,Ava Kelly,NSW,1970-10-16
CUS-0487,Lily Taylor,TAS,1982-10-29
CUS-0488,Mia Evans,QLD,1968-07-28
CUS-0489,Leo Young,WA,1996-11-06
CUS-0490,Jack Khan,QLD,1967-11-04
CUS-0491,Henry Singh,NSW,1974-09-30
CUS-0492,Ava Wilson,VIC,1978-03-06
CUS-0493,Ava Khan,VIC,1984-09-21
CUS-0494,Ava Kelly,NSW,1955-01-12
CUS-0495,Lily Walker,VIC,1971-04-04
CUS-0496,Chloe Smith,QLD,1960-11-27
CUS-0497,Mia Lee,NSW,1990-08-18
CUS-0498,Mia Taylor,NSW,1974-12-13
CUS-0499,Zoe Kelly,VIC,1968-10-28
CUS-0500,Liam Brown,QLD,1969-12-31
CUS-0501,Archie Singh,QLD,1981-08-23
CUS-0502,Jack Lee,QLD,1989-01-27
CUS-0503,Ethan Lee,NSW,1986-01-11
CUS-0504,Noah Kelly,NSW,1956-12-06
CUS-0505,Grace Hughes,NSW,1990-09-07
CUS-0506,Oscar Kelly,NSW,1971-04-29
CUS-0507,Grace Taylor,QLD,1969-04-04
CUS-0508,Oscar Chen,NT,1959-09-13
CUS-0509,Ava Brown,QLD,1982-07-08
CUS-0510,Zoe Taylor,NSW,1988-10-21
CUS-0511,Zoe Murray,NSW,1999-06-23
CUS-0512,Grace Hughes,WA,1954-10-04
CUS-0513,Zoe Nguyen,SA,1981-10-31
CUS-0514,Noah Murray,QLD,1997-04-25
CUS-0515,Mason Lee,VIC,2000-11-07
CUS-0516,Ethan Kelly,VIC,1977-12-26
CUS-0517,Mia Nguyen,QLD,1980-07-15
CUS-0518,Chloe Walker,WA,1997-02-21
CUS-0519,Mason Brown,VIC,1959-08-21
CUS-0520,Lucas Walker,NSW,1993-06-09
CUS-0521,Lucas Singh,NSW,1984-10-25
CUS-0522,Jack Walker,NSW,1965-10-08
CUS-0523,Henry Wilson,WA,1981-11-02
CUS-0524,Jack Kelly,QLD,1999-10-18
CUS-0525,Noah Chen,NT,1970-05-26
CUS-0526,Henry Walker,NSW,1984-05-08
CUS-0527,Noah Brown,VIC,1967-09-07
CUS-0528,Liam Young,WA,1993-05-17
CUS-0529,Ava Wilson,QLD,1973-08-13
CUS-0530,Henry Wilson,NSW,1961-09-08
CUS-0531,Mia Wilson,VIC,1991-11-03
CUS-0532,Lucas Smith,QLD,1998-09-02
CUS-0533,Ella Singh,QLD,1979-09-07
CUS-0534,Archie Hughes,VIC,1986-07-17
CUS-0535,Lucas Murray,NSW,1972-03-02
CUS-0536,Grace Brown,ACT,1961-02-04
CUS-0537,Noah Patel,VIC,1957-10-07
CUS-0538,Olivia Taylor,QLD,1969-06-20
CUS-0539,Leo Hughes,VIC,1957-11-19
CUS-0540,Lucas Kelly,NSW,1968-03-02
CUS-0541,Leo Khan,NSW,1957-09-01
CUS-0542,Jack Walker,NSW,1954-05-13
CUS-0543,Mason Evans,NSW,1994-02-08
CUS-0544,Grace Hughes,NSW,2001-06-11
CUS-0545,Lucas Hughes,VIC,2002-02-04
CUS-0546,Liam Taylor,VIC,1970-07-07
CUS-0547,Mia Wilson,VIC,1985-01-22
CUS-0548,Lily Kelly,WA,1966-04-29
CUS-0549,Liam Kelly,NSW,1960-05-18
CUS-0550,Liam Patel,NSW,1966-07-07
CUS-0551,Lucas Kelly,WA,1983-01-12
CUS-0552,Mia Walker,VIC,1968-04-12
CUS-0553,Ethan Patel,VIC,1969-06-04
CUS-0554,Grace Patel,NSW,1999-10-27
CUS-0555,Lucas Patel,VIC,2000-03-04
CUS-0556,Lily Wilson,NSW,1998-09-06
CUS-0557,Henry Young,WA,1976-11-29
CUS-0558,Mia Nguyen,WA,1965-02-18
CUS-0559,Olivia Patel,VIC,1962-04-27
CUS-0560,Ruby Patel,NSW,1973-08-11
CUS-0561,Archie Kelly,SA,1956-06-20
CUS-0562,Grace Nguyen,NSW,1990-03-01
CUS-0563,Chloe Kelly,QLD,1991-09-22
CUS-0564,Noah Patel,WA,2002-01-25
CUS-0565,Olivia Wilson,WA,1996-11-21
CUS-0566,Leo Hughes,WA,1976-06-05
CUS-0567,Zoe Patel,VIC,1965-04-15
CUS-0568,Ruby Evans,WA,1998-11-25
CUS-0569,Chloe Singh,VIC,1962-09-20
CUS-0570,Grace Singh,NSW,1966-04-01
CUS-0571,Ethan Lee,VIC,1996-05-24
CUS-0572,Oscar Patel,VIC,1986-05-04
CUS-0573,Ella Khan,QLD,1971-05-04
CUS-0574,Mia Khan,WA,1963-09-18
CUS-0575,Mason Walker,NSW,1962-12-22
CUS-0576,Ava Nguyen,NSW,1998-02-21
CUS-0577,Olivia Walker,VIC,1999-11-18
CUS-0578,Archie Evans,VIC,1978-07-10
CUS-0579,Lucas Hughes,TAS,1991-02-18
CUS-0580,Lily Brown,TAS,1998-12-12
CUS-0581,Chloe Young,ACT,1980-04-16
CUS-0582,Olivia Khan,QLD,1964-12-08
CUS-0583,Chloe Smith,QLD,1976-11-20
CUS-0584,Jack Taylor,NSW,1975-10-10
CUS-0585,Ava Nguyen,VIC,1973-08-23
CUS-0586,Henry Lee,NSW,1991-05-25
CUS-0587,Oscar Khan,WA,1970-08-24
CUS-0588,Lily Young,NSW,1955-03-11
CUS-0589,Lucas Evans,NSW,1998-12-04
CUS-0590,Leo Walker,NSW,1969-11-26
CUS-0591,Leo Walker,VIC,1982-10-08
CUS-0592,Lucas Evans,QLD,1986-12-24
CUS-0593,Noah Young,NSW,1995-09-29
CUS-0594,Henry Evans,NSW,1961-05-20
CUS-0595,Leo Taylor,SA,1981-05-01
CUS-0596,Lucas Chen,WA,1984-08-05
CUS-0597,Jack Nguyen,QLD,1955-09-08
CUS-0598,Lucas Murray,VIC,1956-07-25
CUS-0599,Jack Murray,NSW,1998-06-11
CUS-0600,Mason Singh,WA,1988-03-09
CUS-0601,Isla Lee,QLD,1988-11-08
CUS-0602,Archie Hughes,VIC,1954-02-01
CUS-0603,Liam Taylor,NSW,2001-08-14
CUS-0604,Zoe Smith,NSW,1999-01-14
CUS-0605,Ruby Patel,VIC,1961-09-11
CUS-0606,Mason Patel,VIC,1967-03-24
CUS-0607,Jack Wilson,NSW,1982-07-17
CUS-0608,Archie Kelly,VIC,1988-12-31
CUS-0609,Mason Khan,VIC,2002-12-20
CUS-0610,Olivia Wilson,NSW,1982-11-08
CUS-0611,Ruby Khan,VIC,1975-05-30
CUS-0612,Isla Walker,VIC,1971-06-02
CUS-0613,Lucas Lee,VIC,1986-11-03
CUS-0614,Noah Singh,QLD,2000-01-20
CUS-0615,Lucas Nguyen,VIC,1990-09-03
CUS-0616,Liam Hughes,NSW,1992-12-03
CUS-0617,Lily Brown,WA,1955-06-11
CUS-0618,Liam Patel,VIC,1997-06-28
CUS-0619,Liam Hughes,VIC,1962-11-21
CUS-0620,Olivia Walker,QLD,1966-08-10
CUS-0621,Leo Brown,QLD,1979-05-15
CUS-0622,Mia Wilson,WA,1992-08-06
CUS-0623,Leo Young,WA,1998-08-22
CUS-0624,Leo Wilson,QLD,1978-09-26
CUS-0625,Isla Murray,QLD,1964-08-10
CUS-0626,Ruby Patel,NSW,1986-09-25
CUS-0627,Ava Lee,QLD,1964-10-24
CUS-0628,Zoe Smith,NSW,1991-10-07
CUS-0629,Lily Chen,NSW,1988-11-19
CUS-0630,Ava Nguyen,NSW,1957-11-25
CUS-0631,Mason Chen,VIC,1974-09-19
CUS-0632,Noah Lee,NSW,1978-06-14
CUS-0633,Zoe Smith,QLD,1975-12-04
CUS-0634,Noah Wilson,QLD,1971-07-23
CUS-0635,Isla Hughes,QLD,1975-05-06
CUS-0636,Grace Evans,NSW,1968-04-17
CUS-0637,Lily Taylor,QLD,1991-07-14
CUS-0638,Mason Walker,WA,1962-05-14
CUS-0639,Lucas Kelly,NSW,2002-06-12
CUS-0640,Isla Lee,NSW,1990-01-20
CUS-0641,Lily Wilson,NSW,1987-02-27
CUS-0642,Isla Hughes,VIC,1999-08-31
CUS-0643,Lily Walker,NSW,1963-12-13
CUS-0644,Mia Murray,VIC,1980-02-15
CUS-0645,Noah Singh,VIC,1968-01-01
CUS-0646,Ethan Murray,QLD,1994-08-14
CUS-0647,Noah Murray,VIC,1954-10-06
CUS-0648,Chloe Singh,QLD,2001-05-06
CUS-0649,Chloe Nguyen,NSW,1971-12-25
CUS-0650,Ava Young,QLD,1957-03-14
CUS-0651,Mason Murray,QLD,1960-05-22
CUS-0652,Mia Brown,QLD,1972-08-10
CUS-0653,Lily Murray,NSW,1956-01-01
CUS-0654,Ethan Wilson,TAS,1982-07-23
CUS-0655,Henry Kelly,VIC,1985-06-14
CUS-0656,Liam Lee,NSW,1996-05-17
CUS-0657,Ruby Kelly,VIC,1968-08-15
CUS-0658,Lucas Wilson,VIC,1965-11-22
CUS-0659,Ella Wilson,VIC,2000-10-27
CUS-0660,Zoe Smith,NSW,1976-06-22
CUS-0661,Grace Brown,NSW,1972-10-08
CUS-0662,Ella Wilson,VIC,1994-11-28
CUS-0663,Noah Patel,WA,1978-08-16
CUS-0664,Isla Smith,VIC,1954-10-12
CUS-0665,Leo Kelly,NSW,1964-08-11
CUS-0666,Ethan Brown,VIC,1956-05-20
CUS-0667,Lucas Murray,NSW,1977-11-02
CUS-0668,Henry Khan,NSW,1957-01-13
CUS-0669,Ella Wilson,ACT,1955-11-15
CUS-0670,Liam Evans,NSW,1962-01-03
CUS-0671,Mason Chen,VIC,1981-08-22
CUS-0672,Zoe Smith,VIC,1976-09-29
CUS-0673,Lucas Smith,NSW,1980-04-19
CUS-0674,Henry Khan,SA,1988-11-09
CUS-0675,Grace Kelly,SA,1975-05-20
CUS-0676,Grace Hughes,NSW,1971-06-27
CUS-0677,Ava Smith,VIC,1962-03-04
CUS-0678,Grace Evans,VIC,1995-07-25
CUS-0679,Ruby Lee,NSW,1977-10-08
CUS-0680,Archie Lee,QLD,1972-08-16
CUS-0681,Olivia Nguyen,WA,1973-11-20
CUS-0682,Ethan Chen,QLD,1999-03-28
CUS-0683,Mia Taylor,QLD,1966-11-10
CUS-0684,Mason Hughes,NSW,2002-04-18
CUS-0685,Leo Smith,NSW,1971-08-15
CUS-0686,Lucas Wilson,VIC,1967-06-11
CUS-0687,Jack Lee,QLD,1988-08-07
CUS-0688,Ruby Kelly,VIC,1986-05-20
CUS-0689,Archie Kelly,VIC,1989-03-31
CUS-0690,Leo Young,WA,1968-06-04
CUS-0691,Archie Taylor,NSW,1992-06-20
CUS-0692,Ruby Nguyen,NSW,1964-04-30
CUS-0693,Isla Singh,NSW,1988-07-20
CUS-0694,Olivia Patel,NT,1962-01-29
CUS-0695,Noah Smith,NSW,1955-11-27
CUS-0696,Liam Evans,NSW,1972-01-23
CUS-0697,Mia Young,VIC,2002-10-05
CUS-0698,Mason Evans,QLD,1961-01-10
CUS-0699,Zoe Walker,NSW,1965-05-29
CUS-0700,Leo Taylor,WA,1970-02-23
CUS-0701,Ella Evans,NSW,1958-12-20
CUS-0702,Oscar Hughes,QLD,1957-11-24
CUS-0703,Leo Evans,NSW,1981-11-16
CUS-0704,Liam Hughes,SA,1959-07-21
CUS-0705,Archie Chen,NSW,1977-12-24
CUS-0706,Ruby Brown,QLD,2000-03-23
CUS-0707,Ethan Evans,WA,1977-02-11
CUS-0708,Leo Kelly,NSW,1989-09-16
CUS-0709,Noah Patel,NSW,1966-09-23
CUS-0710,Zoe Evans,QLD,1983-05-26
CUS-0711,Henry Lee,VIC,1966-02-20
CUS-0712,Mason Patel,VIC,1990-12-12
CUS-0713,Grace Chen,WA,1961-06-29
CUS-0714,Grace Murray,VIC,1994-10-19
CUS-0715,Ava Singh,VIC,1992-07-05
CUS-0716,Ruby Wilson,VIC,1960-08-09
CUS-0717,Leo Taylor,VIC,1967-08-11
CUS-0718,Oscar Chen,VIC,2001-12-07
CUS-0719,Ruby Walker,NSW,1981-02-09
CUS-0720,Noah Chen,NSW,1994-07-31
CUS-0721,Chloe Smith,NSW,1959-02-07
CUS-0722,Grace Lee,NSW,1965-10-10
CUS-0723,Oscar Khan,WA,1965-02-28
CUS-0724,Ella Smith,NSW,1992-02-23
CUS-0725,Lucas Brown,NSW,1967-03-25
CUS-0726,Isla Patel,VIC,1990-09-07
CUS-0727,Ella Lee,NSW,1973-05-02
CUS-0728,Noah Khan,NSW,1955-08-16
CUS-0729,Isla Nguyen,VIC,1964-01-15
CUS-0730,Zoe Taylor,VIC,1965-03-16
CUS-0731,Oscar Brown,QLD,1995-08-04
CUS-0732,Ethan Kelly,ACT,1981-06-12
CUS-0733,Ethan Khan,WA,1974-01-31
CUS-0734,Lily Smith,VIC,1996-12-14
CUS-0735,Leo Patel,VIC,1972-10-18
CUS-0736,Noah Kelly,VIC,1989-10-14
CUS-0737,Archie Chen,NSW,1954-12-24
CUS-0738,Mason Murray,TAS,1954-05-24
CUS-0739,Ethan Kelly,NSW,1977-04-28
CUS-0740,Oscar Patel,NSW,1964-10-21
CUS-0741,Henry Taylor,QLD,1956-04-05
CUS-0742,Mason Young,QLD,1999-10-03
CUS-0743,Leo Hughes,NSW,1993-02-15
CUS-0744,Grace Smith,SA,1968-05-20
CUS-0745,Ruby Hughes,VIC,1993-07-13
CUS-0746,Jack Wilson,QLD,1984-07-05
CUS-0747,Henry Hughes,NSW,1959-10-27
CUS-0748,Jack Nguyen,SA,1967-09-26
CUS-0749,Ethan Lee,NSW,1980-09-04
CUS-0750,Zoe Patel,VIC,1988-06-12
CUS-0751,Ethan Kelly,SA,1982-07-12
CUS-0752,Ella Walker,TAS,1996-05-16
CUS-0753,Mia Chen,SA,1961-03-20
CUS-0754,Ethan Patel,WA,2002-12-18
CUS-0755,Ethan Patel,NSW,1996-03-06
CUS-0756,Noah Wilson,NSW,1988-09-24
CUS-0757,Archie Nguyen,VIC,1983-11-21
CUS-0758,Henry Brown,NSW,1960-09-11
CUS-0759,Lily Patel,ACT,1966-03-28
CUS-0760,Ella Kelly,NSW,1959-02-16
CUS-0761,Mia Taylor,VIC,1969-04-01
CUS-0762,Ruby Evans,NSW,1969-12-14
CUS-0763,Isla Wilson,NSW,1992-11-25
CUS-0764,Lucas Nguyen,VIC,1966-08-28
CUS-0765,Jack Taylor,NSW,1981-12-29
CUS-0766,Grace Hughes,SA,1993-10-23
CUS-0767,Leo Wilson,QLD,1961-09-29
CUS-0768,Mia Singh,VIC,1985-04-23
CUS-0769,Ruby Hughes,WA,1955-05-25
CUS-0770,Henry Singh,WA,1958-03-12
CUS-0771,Mia Khan,VIC,1962-12-22
CUS-0772,Zoe Khan,WA,1954-12-12
CUS-0773,Lucas Wilson,SA,1988-04-14
CUS-0774,Liam Murray,QLD,1981-02-21
CUS-0775,Ethan Wilson,VIC,1993-05-13
CUS-0776,Ruby Patel,SA,1964-04-23
CUS-0777,Archie Kelly,TAS,1983-01-13
CUS-0778,Ava Evans,VIC,1957-10-15
CUS-0779,Leo Khan,NSW,1995-04-08
CUS-0780,Oscar Patel,WA,1954-02-02
CUS-0781,Ruby Murray,QLD,1993-02-05
CUS-0782,Grace Kelly,NSW,1988-09-17
CUS-0783,Henry Patel,VIC,1955-12-20
CUS-0784,Ava Young,NSW,1970-03-20
CUS-0785,Noah Murray,SA,1979-11-14
CUS-0786,Mia Patel,VIC,1983-12-05
CUS-0787,Noah Khan,NSW,1989-06-01
CUS-0788,Archie Smith,NSW,1980-07-19
CUS-0789,Isla Smith,VIC,1992-04-11
CUS-0790,Grace Taylor,NT,1980-07-01
CUS-0791,Olivia Young,NSW,1975-10-26
CUS-0792,Lily Nguyen,VIC,1989-02-09
CUS-0793,Lucas Khan,ACT,1985-07-26
CUS-0794,Lucas Evans,NSW,2002-03-03
CUS-0795,Henry Smith,NSW,1959-05-14
CUS-0796,Ethan Evans,WA,1965-06-17
CUS-0797,Lily Kelly,NSW,1954-09-24
CUS-0798,Grace Evans,SA,1968-12-14
CUS-0799,Ruby Murray,WA,1954-12-09
CUS-0800,Grace Walker,NSW,1961-07-29
CUS-0801,Ella Young,QLD,1993-07-14
CUS-0802,Ella Patel,VIC,1995-08-18
CUS-0803,Lily Lee,QLD,1970-02-26
CUS-0804,Lucas Singh,NSW,1991-01-04
CUS-0805,Oscar Hughes,VIC,1966-11-30
CUS-0806,Isla Khan,NSW,1973-04-29
CUS-0807,Liam Young,NSW,1954-04-10
CUS-0808,Ethan Wilson,NSW,1957-08-07
CUS-0809,Mia Kelly,SA,1962-08-13
CUS-0810,Ava Young,SA,1979-08-22
CUS-0811,Ethan Young,VIC,1969-08-07
CUS-0812,Oscar Taylor,QLD,1993-03-28
CUS-0813,Ruby Young,VIC,1957-02-09
CUS-0814,Oscar Singh,NSW,1973-11-28
CUS-0815,Isla Taylor,VIC,1972-11-13
CUS-0816,Mia Hughes,ACT,1956-03-10
CUS-0817,Liam Kelly,VIC,1980-11-15
CUS-0818,Ruby Kelly,VIC,1960-05-02
CUS-0819,Mia Singh,TAS,1966-12-08
CUS-0820,Chloe Singh,NSW,1958-07-27
CUS-0821,Isla Patel,WA,1996-12-19
CUS-0822,Noah Nguyen,NSW,1982-04-18
CUS-0823,Grace Hughes,QLD,1973-06-11
CUS-0824,Olivia Evans,WA,1990-08-10
CUS-0825,Ethan Walker,WA,1984-04-24
CUS-0826,Lucas Hughes,ACT,1960-11-10
CUS-0827,Zoe Brown,QLD,1959-05-15
CUS-0828,Zoe Brown,ACT,1964-08-03
CUS-0829,Zoe Wilson,NSW,1991-08-02
CUS-0830,Ruby Wilson,VIC,1961-12-14
CUS-0831,Zoe Hughes,NSW,1998-03-01
CUS-0832,Oscar Taylor,NSW,1983-12-01
CUS-0833,Ethan Taylor,VIC,1998-09-11
CUS-0834,Ava Walker,QLD,1988-07-26
CUS-0835,Leo Patel,QLD,1964-04-14
CUS-0836,Jack Smith,NSW,1991-03-07
CUS-0837,Archie Murray,TAS,1979-11-26
CUS-0838,Noah Hughes,NSW,1960-10-19
CUS-0839,Ava Wilson,NSW,1989-08-18
CUS-0840,Ethan Walker,WA,1957-07-03
CUS-0841,Oscar Nguyen,SA,1974-11-15
CUS-0842,Isla Singh,QLD,1985-01-10
CUS-0843,Lily Evans,VIC,1972-09-20
CUS-0844,Lily Wilson,VIC,1960-03-06
CUS-0845,Oscar Taylor,WA,1987-03-26
CUS-0846,Henry Evans,VIC,1984-02-08
CUS-0847,Leo Evans,WA,1999-02-07
CUS-0848,Leo Patel,WA,1981-05-01
CUS-0849,Mia Murray,VIC,1986-09-11
CUS-0850,Noah Smith,SA,1975-06-01
CUS-0851,Mason Young,VIC,1972-10-28
CUS-0852,Ava Brown,QLD,1992-06-04
CUS-0853,Isla Wilson,QLD,1986-10-17
CUS-0854,Leo Brown,VIC,1989-05-28
CUS-0855,Noah Young,VIC,1998-04-07
CUS-0856,Mason Wilson,QLD,1989-07-16
CUS-0857,Ethan Evans,VIC,1969-03-25
CUS-0858,Olivia Young,NSW,1990-08-23
CUS-0859,Ethan Young,NT,1982-06-22
CUS-0860,Leo Nguyen,ACT,1977-10-07
CUS-0861,Grace Chen,NSW,2002-08-23
CUS-0862,Henry Evans,TAS,1998-12-09
CUS-0863,Jack Murray,VIC,2000-01-26
CUS-0864,Jack Taylor,NSW,1964-08-20
CUS-0865,Mason Taylor,WA,1988-04-30
CUS-0866,Lily Nguyen,VIC,1994-03-27
CUS-0867,Lucas Nguyen,QLD,1994-06-05
CUS-0868,Isla Chen,WA,1981-06-14
CUS-0869,Chloe Smith,VIC,1997-03-15
CUS-0870,Isla Brown,NSW,1971-11-03
CUS-0871,Grace Taylor,WA,1968-11-29
CUS-0872,Zoe Smith,QLD,1996-03-11
CUS-0873,Zoe Nguyen,SA,1954-02-16
CUS-0874,Mia Khan,NSW,1982-12-17
CUS-0875,Archie Singh,WA,1962-06-20
CUS-0876,Lily Brown,WA,1975-01-28
CUS-0877,Mason Murray,VIC,1960-07-22
CUS-0878,Henry Nguyen,VIC,1976-05-09
CUS-0879,Mason Brown,VIC,1987-08-20
CUS-0880,Lucas Young,NSW,1959-06-13
CUS-0881,Oscar Khan,NSW,1958-09-01
CUS-0882,Noah Walker,VIC,1964-08-04
CUS-0883,Lily Smith,NSW,1970-03-18
CUS-0884,Henry Taylor,QLD,1997-03-07
CUS-0885,Ruby Nguyen,VIC,1965-10-15
CUS-0886,Grace Brown,VIC,1962-12-30
CUS-0887,Archie Nguyen,NSW,1971-01-19
CUS-0888,Chloe Patel,VIC,1976-12-27
CUS-0889,Oscar Walker,QLD,1970-06-25
CUS-0890,Mia Smith,VIC,1969-06-26
CUS-0891,Jack Patel,QLD,1997-05-17
CUS-0892,Isla Khan,VIC,1995-09-15
CUS-0893,Ruby Taylor,VIC,1989-11-15
CUS-0894,Zoe Taylor,SA,1979-08-08
CUS-0895,Noah Smith,NSW,1983-01-13
CUS-0896,Oscar Hughes,VIC,1968-06-20
CUS-0897,Zoe Walker,QLD,1973-07-22
CUS-0898,Chloe Chen,NSW,1963-12-17
CUS-0899,Oscar Evans,ACT,1992-01-30
CUS-0900,Olivia Smith,VIC,1963-01-09
CUS-0901,Archie Wilson,NSW,1992-12-13
CUS-0902,Mia Evans,QLD,1992-04-30
CUS-0903,Isla Young,WA,1958-03-27
CUS-0904,Isla Lee,QLD,1962-11-27
CUS-0905,Lily Walker,SA,1997-08-22
CUS-0906,Ella Chen,NSW,1975-04-08
CUS-0907,Mia Nguyen,VIC,1956-02-21
CUS-0908,Chloe Khan,QLD,1970-06-22
CUS-0909,Ava Smith,SA,1975-09-16
CUS-0910,Chloe Patel,QLD,1961-04-26
CUS-0911,Lucas Murray,QLD,1973-09-01
CUS-0912,Grace Hughes,VIC,1983-04-08
CUS-0913,Archie Hughes,VIC,1958-12-27
CUS-0914,Jack Kelly,VIC,1957-01-06
CUS-0915,Ella Patel,SA,1957-09-27
CUS-0916,Oscar Nguyen,WA,1959-11-19
CUS-0917,Mia Lee,QLD,1990-11-20
CUS-0918,Ava Young,SA,1963-01-04
CUS-0919,Grace Brown,NSW,1987-01-26
CUS-0920,Lily Lee,QLD,1984-07-12
CUS-0921,Archie Singh,VIC,1974-03-28
CUS-0922,Lily Wilson,QLD,1977-10-20
CUS-0923,Lucas Chen,NSW,1959-01-27
CUS-0924,Lucas Nguyen,VIC,1994-08-19
CUS-0925,Isla Kelly,WA,1973-05-30
CUS-0926,Grace Brown,NSW,1965-08-22
CUS-0927,Mia Murray,NSW,1981-11-24
CUS-0928,Oscar Chen,VIC,1959-02-10
CUS-0929,Ella Lee,WA,1966-03-27
CUS-0930,Henry Khan,NSW,1995-06-25
CUS-0931,Archie Taylor,WA,1995-01-03
CUS-0932,Leo Wilson,NSW,1966-12-08
CUS-0933,Henry Young,NSW,1984-07-29
CUS-0934,Ruby Chen,VIC,1968-04-16
CUS-0935,Chloe Smith,QLD,1965-08-29
CUS-0936,Noah Nguyen,SA,2001-07-04
CUS-0937,Lucas Young,WA,1968-10-29
CUS-0938,Isla Evans,NSW,1958-03-11
CUS-0939,Isla Nguyen,QLD,1962-09-28
CUS-0940,Oscar Chen,QLD,1979-12-16
CUS-0941,Chloe Chen,VIC,1979-10-31
CUS-0942,Oscar Singh,QLD,1989-02-21
CUS-0943,Lily Young,SA,1978-07-01
CUS-0944,Lucas Young,VIC,2001-02-10
CUS-0945,Mia Smith,SA,1993-06-26
CUS-0946,Ella Patel,NSW,1964-12-30
CUS-0947,Ava Singh,NSW,1987-03-16
CUS-0948,Oscar Lee,QLD,1986-07-12
CUS-0949,Henry Evans,NSW,1968-11-22
CUS-0950,Archie Murray,QLD,1977-11-18
CUS-0951,Henry Evans,VIC,1981-12-05
CUS-0952,Chloe Brown,NSW,1993-06-23
CUS-0953,Ruby Lee,QLD,1986-04-30
CUS-0954,Ruby Nguyen,QLD,1973-11-30
CUS-0955,Ruby Murray,NSW,1972-06-06
CUS-0956,Archie Brown,NSW,1983-02-13
CUS-0957,Ava Kelly,WA,1969-02-05
CUS-0958,Ethan Young,SA,1963-10-27
CUS-0959,Lucas Chen,WA,1998-09-26
CUS-0960,Jack Nguyen,VIC,1970-05-03
CUS-0961,Lucas Singh,VIC,1967-03-31
CUS-0962,Noah Walker,VIC,1967-05-09
CUS-0963,Ava Nguyen,NSW,1988-05-30
CUS-0964,Zoe Wilson,VIC,1990-09-07
CUS-0965,Isla Nguyen,NSW,1981-01-29
CUS-0966,Leo Chen,NSW,1999-10-15
CUS-0967,Isla Singh,VIC,1988-05-09
CUS-0968,Henry Chen,NSW,1959-02-02
CUS-0969,Archie Wilson,VIC,1962-05-14
CUS-0970,Henry Walker,QLD,1957-12-18
CUS-0971,Lily Patel,QLD,2001-10-22
CUS-0972,Zoe Khan,ACT,1971-10-01
CUS-0973,Mia Young,SA,2000-01-27
CUS-0974,Archie Kelly,QLD,1957-09-05
CUS-0975,Isla Kelly,SA,1977-10-09
CUS-0976,Oscar Lee,VIC,1968-06-03
CUS-0977,Isla Wilson,WA,1991-07-23
CUS-0978,Mason Hughes,NSW,1973-08-20
CUS-0979,Mason Wilson,VIC,1961-11-13
CUS-0980,Leo Murray,ACT,1982-11-22
CUS-0981,Ella Taylor,QLD,1964-09-16
CUS-0982,Mason Evans,VIC,1985-06-08
CUS-0983,Mia Khan,WA,1991-12-24
CUS-0984,Mason Nguyen,NSW,1979-04-13
CUS-0985,Jack Hughes,WA,1969-09-30
CUS-0986,Oscar Chen,NSW,1992-04-20
CUS-0987,Ethan Singh,NSW,1977-05-08
CUS-0988,Lily Taylor,NSW,1982-07-07
CUS-0989,Grace Smith,NSW,1960-05-15
CUS-0990,Zoe Wilson,TAS,1978-09-12
CUS-0991,Ruby Evans,NSW,2002-10-23
CUS-0992,Liam Smith,NSW,2001-12-29
CUS-0993,Mason Walker,VIC,1978-06-15
CUS-0994,Liam Young,QLD,1983-06-22
CUS-0995,Ruby Young,QLD,1999-11-20
CUS-0996,Chloe Khan,VIC,1989-05-18
CUS-0997,Ella Hughes,NSW,1986-10-09
CUS-0998,Grace Patel,WA,1971-07-25
CUS-0999,Noah Young,NSW,1992-07-14
CUS-1000,Ruby Brown,NSW,1963-01-17
