customer_id,first_name,last_name,income_reported,score_snapshot,state
CUST100259,Susan,Salazar,11198.89,620,MI
CUST101334,Michael,Roberts,68902.67,706,NY
CUST101352,Adam,White,44910.4,721,CO
CUST101271,John,Williams,104746.06,744,VA
CUST102239,Melanie,Haynes,14725.96,639,GA
CUST101129,Alejandro,Smith,89067.77,673,GA
CUST101998,Billy,Johnson,39515.15,677,CO
CUST100991,Teresa,Lee,52634.58,759,CO
CUST101452,Kyle,Giles,46864.43,736,MA
CUST100931,John,Sanford,47815.65,703,WI
CUST101253,Breanna,Lewis,27980.93,703,WA
CUST102295,Jenny,Simmons,57861.41,678,AZ
CUST100033,Angela,Allen,98627.23,808,CA
CUST100303,Dennis,Moody,86424.38,672,FL
CUST101063,Mary,Mills,71221.19,769,AZ
CUST100464,Christina,Davis,57455.25,694,CA
CUST101793,Thomas,Lewis,69013.39,700,MI
CUST100923,Kelli,Collins,50580.05,657,MO
CUST100248,Jonathan,Nixon,65082.73,716,WI
CUST101057,Tara,Keller,92114.24,715,MO
CUST102343,Kathryn,Wagner,102395.58,728,MI
CUST101710,Karen,Sanchez,90779.96,699,WI
CUST100798,Brittney,Mccoy,101178.57,741,VA
CUST100787,Charles,Le,111955.03,743,TX
CUST100129,Luis,Evans,80017.65,762,NC
CUST100989,Olivia,Nolan,85112.66,772,CO
CUST100058,Yolanda,Boone,88158.14,752,WI
CUST101777,William,Leblanc,11386.79,643,FL
CUST100149,Jennifer,Nelson,78385.83,682,IN
CUST101623,Alicia,Hawkins,93437.9,683,CO
CUST100601,Kathleen,Kim,79047.04,720,NC
CUST101181,Tyler,Edwards,53171.85,710,MI
CUST100636,Sheri,Perez,30322.64,690,CA
CUST101576,Audrey,Peters,53602.03,741,TN
CUST101870,John,Perry,87087.23,722,IL
CUST100509,Troy,Williams,91677.41,690,CO
CUST101707,Danny,Rosario,46950.6,722,MI
CUST101186,Lauren,Ramos,52910.81,666,FL
CUST100568,Tammy,Bishop,42182.5,703,MO
CUST100089,John,Aguirre,95265.0,707,IL
CUST100427,Catherine,Jones,76649.16,721,WA
CUST101356,Brian,Ray,71220.73,730,OH
CUST101563,Jessica,Pittman,19768.09,665,NC
CUST100213,Carolyn,Montoya,16546.31,722,VA
CUST101116,Scott,Smith,0.0,673,NJ
CUST101621,Jeremy,Robinson,57974.02,757,PA
CUST100649,Kimberly,Jackson,96761.67,793,NJ
CUST102331,William,Dunn,21223.77,625,CA
CUST100414,Jessica,Ellis,71836.36,784,CA
CUST101414,Vanessa,Martinez,47684.74,686,MI
CUST101206,David,Ortega,104517.94,791,AZ
CUST101808,Pamela,Molina,30808.09,681,NY
CUST101521,Beth,Dennis,108317.97,786,MO
CUST101394,Terri,Cooper,57862.97,720,PA
CUST101680,Melissa,Powers,60232.47,689,VA
CUST100975,Jenny,Hernandez,29795.47,659,GA
CUST100809,Tanya,Powell,51289.67,755,CO
CUST100586,Brittany,Sheppard,62535.77,665,MI
CUST102128,James,Rodriguez,49175.9,736,IN
CUST100267,Stephen,Foley,21584.58,693,MI
CUST100252,Philip,Griffin,49003.39,686,WA
CUST102407,Peter,Krueger,11549.58,616,IN
CUST100249,Lynn,Norris,108818.18,753,MA
CUST102111,Denise,Irwin,75120.29,693,WA
CUST101177,Randy,Robertson,15634.7,567,TN
CUST102261,Martha,Smith,35574.25,705,MA
CUST102476,Travis,Frank,38988.32,719,MA
CUST101158,Ian,Johnston,83237.79,719,TX
CUST101020,Derek,Lewis,33482.45,699,GA
CUST101001,Kimberly,Kelly,66804.55,765,NY
CUST101299,Lorraine,Fernandez,81045.34,693,AZ
CUST101114,Jacqueline,Church,13698.84,626,IL
CUST101981,Joshua,Gibson,45848.85,714,MO
CUST100589,Michael,Santana,128670.05,667,VA
CUST100555,Logan,Lee,74723.6,717,TN
CUST102284,Nicholas,Holland,53227.13,744,OH
CUST100032,Elizabeth,Rogers,87110.27,711,MI
CUST102277,Michael,Mitchell,67545.05,653,TX
CUST100130,Nicole,Cole,35059.88,628,AZ
CUST100716,Cassandra,Harrison,37287.79,699,TN
CUST100479,John,Barnes,28155.39,725,FL
CUST101708,Jason,Parker,96974.34,727,IL
CUST102180,Misty,Snyder,62426.56,665,IL
CUST100593,Jason,Kennedy,72089.08,700,CA
CUST101554,Sylvia,Madden,10880.77,541,IL
CUST101984,Ellen,Smith,59664.36,682,TX
CUST101950,Allison,Massey,53624.32,706,TX
CUST101558,Michelle,Rodriguez,111293.59,759,OH
CUST101997,Kevin,Nguyen,87809.68,733,IN
CUST101790,Kevin,French,62926.78,655,CA
CUST101400,Autumn,Williams,68948.84,760,WI
CUST102149,Wanda,Mack,95104.17,681,NC
CUST101236,Shaun,Hill,13264.83,570,PA
CUST101686,Chad,Thompson,25622.33,658,NC
CUST101775,David,Hernandez,53086.08,678,MI
CUST100286,Whitney,Santiago,95529.95,680,TN
CUST101456,Lisa,Foley,7767.39,683,WA
CUST101912,Jennifer,Johnson,46265.19,636,WA
CUST101587,Jared,Johnson,62936.12,756,CO
CUST100578,Joshua,Hoover,87318.89,678,FL
CUST100825,Amy,Ellis,30914.12,669,CA
CUST100017,Rebecca,Gardner,61247.66,705,OH
CUST100316,Matthew,Lane,48106.51,743,TN
CUST101493,Matthew,Berg,50619.5,623,NY
CUST100605,Tracey,Werner,20433.15,705,MA
CUST100294,Jessica,King,51600.14,683,MA
CUST100043,Christopher,Gay,70022.85,679,TN
CUST100243,Kenneth,Baker,67364.96,751,VA
CUST102078,Julie,Bright,27205.86,703,FL
CUST100936,Michael,Young,19499.78,542,NY
CUST101369,Kyle,Lawrence,84141.88,712,NJ
CUST102362,Wendy,Gill,78090.37,754,MO
CUST100333,Brittany,Garcia,50575.26,745,WA
CUST100015,Jade,Carr,85422.62,776,TX
CUST101969,Cody,Carter,35626.14,666,IL
CUST100671,Monica,Jones,79531.77,735,NJ
CUST100835,Alison,Gates,71053.06,701,MO
CUST102164,Tonya,Ramos,10117.8,661,FL
CUST102425,Leah,Kennedy,93597.79,732,NJ
CUST100113,Jane,Sanders,75210.33,690,TX
CUST101465,Rachael,Wright,24096.33,654,AZ
CUST101085,Tyler,Cox,46502.34,695,IN
CUST100095,Diana,Stanton,13880.82,624,VA
CUST100519,Holly,Sullivan,13862.79,565,TN
CUST100035,Michael,Turner,52618.15,701,IN
CUST102394,Gregory,Wagner,50784.21,667,GA
CUST102161,Brendan,Costa,1922.4,663,IN
CUST100550,Denise,Ingram,90036.24,770,IL
CUST100969,Steven,Lopez,104959.85,802,VA
CUST101784,Robin,Reynolds,78249.17,777,NY
CUST101498,Joseph,Reynolds,12469.26,655,AZ
CUST100052,Makayla,Olson,81655.31,691,MO
CUST102377,Joshua,Dillon,60685.99,641,MA
CUST102041,Edgar,Mckenzie,41924.88,636,IL
CUST101415,Richard,Erickson,75336.19,739,FL
CUST100146,Darren,Salazar,55623.05,723,NJ
CUST101565,Jonathan,Diaz,71444.56,693,VA
CUST101979,Ryan,Harris,63288.91,657,AZ
CUST101464,Gabriel,Perez,19330.7,579,IN
CUST101507,Charles,Barnes,71836.7,711,CA
CUST101216,Karen,Harris,97039.38,735,MI
CUST100712,Tracy,Nguyen,93081.87,691,FL
CUST100838,James,Schultz,55434.26,726,CA
CUST102113,William,Barnes,9474.31,613,IL
CUST100849,Adam,Perry,58943.96,685,OH
CUST101368,Joshua,Rivas,41839.33,688,MI
CUST101687,Robert,Kennedy,105544.27,698,IL
CUST101598,Kelly,Pace,104419.72,775,CO
CUST100765,Kathleen,Wilson,59716.51,725,NC
CUST100452,Joshua,Garcia,125171.51,765,TX
CUST102445,Brian,Phillips,24535.74,726,OH
CUST101213,Kristen,Long,82888.39,732,CA
CUST100187,George,Howard,87284.7,706,NY
CUST100667,Robin,Ortiz,85374.55,723,WA
CUST100220,Linda,Morrow,50401.62,686,MA
CUST101656,Joseph,Smith,79668.96,792,GA
CUST101657,Michael,Davis,42410.4,653,AZ
CUST101626,Joseph,Harris,26195.46,692,TN
CUST101819,William,Graham,11281.4,596,TX
CUST100073,Craig,Wise,62880.13,645,WA
CUST100557,Eddie,Snyder,66619.84,794,IL
CUST100886,Michelle,Patel,78518.62,664,NC
CUST100362,Robert,Marshall,13645.26,679,TX
CUST101471,Jennifer,Price,104384.07,789,WI
CUST101924,Dorothy,Rivera,14482.72,718,NJ
CUST101765,Erica,Anderson,82525.49,743,PA
CUST101292,Rebecca,Richard,33632.32,729,NC
CUST100562,Mike,Campbell,58356.03,670,IN
CUST101042,Gary,Cuevas,47609.5,657,CA
CUST101408,Bruce,Hughes,72920.25,710,TX
CUST101229,Craig,Taylor,15328.65,657,MO
CUST102373,Rachel,Evans,71904.79,737,AZ
CUST100532,Craig,Chapman,72481.0,795,MI
CUST100675,John,Marquez,55095.87,686,TN
CUST100176,Matthew,Hill,98513.84,702,WA
CUST102215,Barbara,Cruz,63595.31,637,WI
CUST100491,Clayton,Owens,30674.95,605,NY
CUST100628,Lorraine,Schaefer,7046.99,623,IN
CUST101286,Jeremy,Lopez,42693.99,677,MA
CUST100781,Sandy,Ramirez,66047.14,693,IL
CUST101566,Scott,Ross,74927.23,771,NY
CUST102280,Alexis,Fox,91553.29,754,CO
CUST101163,Michael,Bradford,69710.48,707,WI
CUST100560,Kenneth,Peterson,65333.32,738,NY
CUST101968,Frank,Pham,49876.27,752,PA
CUST100999,Amanda,King,59978.92,699,NC
CUST101290,Sandra,Santana,97596.05,782,CO
CUST101056,Lawrence,Nelson,81000.2,667,WA
CUST100680,Travis,Powers,87369.0,747,IN
CUST101734,Samuel,Watson,48206.73,724,MO
CUST100106,Lisa,Reese,53462.16,637,IL
CUST102133,Kristin,Mccormick,100742.52,800,NJ
CUST102404,Troy,Orr,71398.83,710,NC
CUST102037,Nathan,Pena,7393.24,575,MA
CUST102375,Diane,Martinez,91687.98,802,MI
CUST101019,David,Berry,9724.02,670,MI
CUST100273,Emily,Hendricks,29779.03,696,PA
CUST100420,Robert,Saunders,0.0,647,NJ
CUST101663,Benjamin,Snyder,28904.2,671,OH
CUST102160,Ronald,Gregory,56623.08,767,WA
CUST102446,Ronald,Hunt,78792.87,726,MO
CUST101837,Samuel,Bell,9380.14,550,NC
CUST100629,Dominique,Harris,71576.23,735,NC
CUST102004,Lisa,Morton,76176.49,762,IN
CUST100725,Tony,Todd,21517.43,556,WA
CUST101392,Michael,Rodriguez,88799.54,759,WA
CUST100924,Laurie,Wilkinson,69396.74,761,NY
CUST101994,Laura,Miller,108029.75,773,MO
CUST100045,Tina,Allen,94681.83,730,TN
CUST101825,Rachel,Berg,68025.22,788,WI
CUST101701,Benjamin,Burton,13370.71,724,AZ
CUST101201,Alexis,Morris,82372.25,657,PA
CUST101051,Andrew,Miller,94587.88,770,PA
CUST100007,Tricia,Roman,32538.81,701,MI
CUST102219,Robert,Nichols,103916.47,723,TX
CUST101117,Adam,Walters,42232.26,715,VA
CUST101462,Samantha,Fox,35215.24,686,OH
CUST100068,Dawn,Downs,105753.5,720,MO
CUST100630,Lisa,Davis,49015.42,664,MO
CUST100960,Theresa,Cunningham,58221.24,626,IL
CUST102285,Martin,Mack,26060.95,699,MA
CUST101167,Amy,Webb,18129.83,643,CA
CUST101702,Hannah,Brown,32691.64,702,CO
CUST102499,Daniel,Hays,72010.97,664,WA
CUST100974,Amber,Herrera,75504.53,747,WI
CUST101572,Lisa,Wheeler,34817.75,637,OH
CUST100232,Lawrence,Delgado,53745.66,731,GA
CUST100696,James,Lindsey,45269.18,739,TN
CUST101736,Daniel,Walter,60632.53,736,NY
CUST101823,Christopher,Shannon,86268.5,727,GA
CUST100934,Mary,Davis,66253.91,713,VA
CUST100341,Zachary,Powers,77013.66,668,AZ
CUST100470,Sheri,Ramirez,116526.6,690,WI
CUST102462,Michael,Rivera,12799.71,605,VA
CUST102422,Michael,Miller,63333.01,667,CA
CUST100951,Melissa,Wilson,0.0,628,OH
CUST100766,Michael,Jimenez,24257.72,660,WI
CUST100344,Lee,Evans,47163.25,730,CO
CUST101125,Edwin,Gonzalez,56183.8,735,PA
CUST100797,Kathy,Kelly,87534.16,755,MO
CUST102274,Ann,Marshall,32777.14,754,IL
CUST100041,Ricky,Morris,14542.11,602,MI
CUST100137,Tracy,Ray,39198.65,702,NJ
CUST102405,Jennifer,Mitchell,18229.22,703,VA
CUST101013,Teresa,Peterson,101904.79,741,PA
CUST100347,Scott,Smith,54730.61,649,NC
CUST102428,Robert,Liu,98830.6,705,IL
CUST101389,Sheila,Watson,19491.25,558,NJ
CUST102306,Christopher,Gregory,72993.33,732,CO
CUST101899,Rebecca,Edwards,22033.05,631,IN
CUST102247,Courtney,Jordan,54950.28,744,MA
CUST102107,Curtis,Johnson,53384.63,723,WI
CUST100281,Michael,Andrews,45944.36,699,WI
CUST101487,Michael,Davis,47939.8,667,MI
CUST100988,Gary,Smith,75231.77,729,CO
CUST102460,James,Leonard,57209.31,697,MI
CUST102481,Ashley,Hunt,41288.41,740,NJ
CUST100780,Patricia,Davis,73381.37,699,GA
CUST101597,Eric,Collins,61074.03,604,NY
CUST100915,Brent,Flores,56019.3,710,AZ
CUST100425,John,Thompson,77021.18,706,AZ
CUST101278,Kayla,Bradford,37876.08,721,OH
CUST101133,Ashley,Spence,18410.4,491,OH
CUST101901,Krista,Contreras,49194.02,707,MO
CUST100770,Derek,Beltran,39126.63,664,PA
CUST100059,Shawn,Jacobs,83867.89,772,TN
CUST101878,Sheryl,Gonzalez,67536.61,734,CA
CUST100258,Andrew,Sutton,25233.39,727,WA
CUST100826,Omar,Miller,75673.57,720,WI
CUST101312,Michael,Rodriguez,81494.02,727,MI
CUST102051,Kayla,Garcia,56749.49,682,NJ
CUST102049,Randall,Torres,42885.4,723,MI
CUST101198,Michael,Chang,40995.98,659,GA
CUST101606,Amanda,Miller,29154.04,717,MO
CUST100870,David,Conway,26199.66,651,NJ
CUST101919,Emily,Burch,2342.32,676,OH
CUST100264,Kevin,Carey,96544.17,799,MO
CUST101295,Heather,Mills,11587.73,682,GA
CUST101634,Charles,Wright,99885.62,714,IN
CUST100029,Elijah,Martinez,57736.44,662,MO
CUST102221,Kathryn,Chapman,19330.89,664,IN
CUST100751,Craig,Davies,36646.76,688,TN
CUST100882,Keith,Rodriguez,79070.67,797,WA
CUST101362,David,Mcdaniel,23172.56,750,FL
CUST101584,Cheryl,Davila,55765.49,607,MI
CUST102304,Dennis,Haynes,74909.5,768,NJ
CUST100025,Justin,Nelson,56821.63,733,TX
CUST102291,Anna,Anderson,19709.44,564,IN
CUST100265,Harold,Garza,39340.78,698,AZ
CUST100673,Tracy,Wright,53920.98,698,WA
CUST101635,Jason,Kramer,82267.53,732,CO
CUST100912,Sean,Hill,92268.54,695,MO
CUST102255,Claudia,Chambers,55653.88,676,OH
CUST101500,Kimberly,Costa,47536.39,698,WA
CUST100441,Brian,Patrick,56768.66,736,WI
CUST101662,Elizabeth,Griffin,52117.23,751,OH
CUST100422,Katherine,Harvey,77522.76,706,CO
CUST102396,Joyce,Stein,16407.08,580,NY
CUST101787,Michael,Jones,97610.79,753,FL
CUST102137,Marissa,Moore,11757.74,660,MI
CUST101723,Ronald,Lane,98927.83,735,NY
CUST101248,Julie,Chavez,45546.49,673,MO
CUST100057,Brianna,Smith,83067.86,748,OH
CUST100910,Cheryl,Walker,35749.28,638,WA
CUST100277,Julie,Johnson,71455.94,716,TN
CUST101092,Rachel,Stewart,70938.64,705,CO
CUST101603,Darrell,Morgan,44793.94,720,WI
CUST100142,Karen,Lawrence,62782.15,707,WA
CUST102429,Anthony,Lloyd,24972.71,713,IL
CUST100326,Michael,Ferguson,30447.97,747,MA
CUST101026,Mariah,Wang,5676.58,658,TN
CUST100844,Jenny,Ford,60242.29,739,AZ
CUST101911,Leslie,Hawkins,17323.2,645,GA
CUST101065,Alexis,Sharp,61784.79,657,PA
CUST101869,Nancy,Mckinney,38742.66,689,WA
CUST100349,Kevin,Johnston,41496.45,704,MO
CUST101939,Zachary,Drake,1698.36,644,GA
CUST100138,Tammy,Summers,29807.38,652,FL
CUST101748,James,Lee,128895.74,836,IN
CUST101016,Ruth,Baker,47568.49,742,NC
CUST100105,Erin,Love,26703.91,711,NC
CUST102360,Amy,Jones,17940.63,729,MA
CUST102099,Nicole,Dean,58187.4,744,MI
CUST100865,Mariah,Gill,93617.02,753,PA
CUST101908,Katherine,Woods,7888.33,561,IN
CUST101308,Diane,Jackson,7961.7,599,NJ
CUST100580,Christian,Booker,57505.15,701,WA
CUST101192,Laura,Bradford,0.0,603,VA
CUST101438,Mario,Jones,95157.61,699,MO
CUST101795,Jason,Martin,55763.77,721,VA
CUST102330,Jennifer,Perry,36905.15,666,OH
CUST100764,Shawn,Smith,77869.52,799,MI
CUST100398,Bruce,Collins,49196.73,643,NJ
CUST100836,Tonya,Barry,16794.6,541,IN
CUST100571,Kristen,Coleman,0.0,658,IL
CUST100306,Amanda,Moore,119679.23,782,AZ
CUST100160,Andrew,Woods,49495.31,734,GA
CUST102486,Michael,Wilson,21971.14,718,NJ
CUST102016,Thomas,Gonzalez,80812.78,721,WA
CUST101782,Daniel,Rodriguez,41565.02,734,CO
CUST100972,Christian,Berger,92511.35,764,TN
CUST100235,Kyle,Reed,8865.27,572,MO
CUST100112,Carrie,Russo,20753.94,688,IL
CUST101077,Vincent,Macias,10506.76,670,GA
CUST100439,Barbara,Smith,23760.66,686,FL
CUST100289,Taylor,Gross,46938.82,720,TN
CUST100524,Abigail,Cooper,76502.9,724,IL
CUST101467,Seth,Perez,0.0,635,NC
CUST101140,Joanna,Williams,47108.39,713,PA
CUST102326,Maureen,Cooley,21709.25,640,MA
CUST102433,James,Berry,76344.09,707,FL
CUST101184,Rose,Hughes,46081.72,707,CO
CUST101845,Mark,Morrow,83378.66,667,WI
CUST101573,Alexander,Perry,56229.21,763,VA
CUST102472,Juan,Graves,65987.9,781,WI
CUST100054,Jimmy,Medina,72604.57,692,TX
CUST101960,David,Evans,11201.32,684,MA
CUST100234,Mary,Johnson,50763.7,735,VA
CUST102483,Todd,Hess,46949.66,605,IN
CUST102318,Gabriel,Frey,79979.99,674,GA
CUST100166,Caroline,Gonzalez,112535.11,698,TN
CUST101636,Melissa,Lee,27617.02,649,GA
CUST102238,Mandy,Bradley,65247.89,716,VA
CUST102250,Jessica,Ramos,114260.1,762,CO
CUST101108,Amy,Hayes,55712.86,750,NY
CUST100942,Debra,Shelton,85247.42,785,NJ
CUST100874,Danielle,Martin,59828.5,688,NY
CUST101586,Ricky,Galvan,50319.73,644,PA
CUST101238,Katie,Hill,49632.9,670,AZ
CUST101741,Eric,Ford,102744.92,688,TN
CUST100437,Raven,Miranda,49570.41,708,FL
CUST101512,Samuel,Alvarez,65003.28,700,MO
CUST101165,Jennifer,Willis,105738.93,738,PA
CUST102382,David,Stout,115782.32,739,IN
CUST100884,Rebecca,Herrera,90874.57,752,VA
CUST100318,Logan,Cooper,94109.17,705,NJ
CUST102118,Stephen,Fitzgerald,28622.57,693,CO
CUST101906,Jeffrey,Gonzalez,74243.99,700,VA
CUST100394,Philip,Cook,84539.04,682,VA
CUST101517,Rebecca,Palmer,69074.73,730,IN
CUST100792,Claudia,Fields,111540.94,709,NJ
CUST102199,Lisa,Wise,76821.21,743,NC
CUST101751,Kristen,Ochoa,17766.38,651,NY
CUST100091,Michelle,Barnes,1489.54,649,NY
CUST101683,Karl,Lara,17223.22,595,NJ
CUST101536,Michael,Lopez,10188.36,681,MI
CUST100526,Kelly,Johnson,66515.03,736,TX
CUST102117,Jason,Hansen,34276.38,720,AZ
CUST100092,Juan,Harper,85134.39,753,WI
CUST101640,Christine,Harrison,61654.56,720,WA
CUST101930,Luke,Pope,101108.38,797,WI
CUST100833,Kelly,Rodriguez,112133.91,740,VA
CUST100152,April,Haynes,111966.59,760,OH
CUST100202,Daniel,Scott,93081.99,704,PA
CUST100481,Nicholas,Johnson,70084.01,740,IL
CUST101652,Joseph,Crawford,84839.67,747,GA
CUST100622,Lauren,Williamson,72357.31,746,MA
CUST102475,Anthony,Daniels,16086.24,620,IN
CUST101520,Aaron,Park,56131.05,674,WI
CUST101207,Darlene,Cox,52458.33,671,NJ
CUST102188,Debbie,Harper,57142.33,704,TX
CUST101876,Beth,Mitchell,33390.21,691,AZ
CUST101569,Adam,Miller,63300.49,745,CO
CUST101943,Michael,Baldwin,79849.69,694,AZ
CUST100145,Danielle,Medina,42703.53,642,AZ
CUST101548,Richard,Smith,70200.08,663,IL
CUST100563,Charles,Moore,53229.02,648,TN
CUST101522,Jessica,Smith,58582.79,724,NY
CUST100311,Christopher,Castillo,97938.43,697,AZ
CUST102178,Taylor,Schmitt,93228.94,780,OH
CUST101976,Eric,Grimes,111372.57,708,TN
CUST102166,Michael,Richardson,5574.48,558,NC
CUST100384,Patrick,Davis,9233.19,548,FL
CUST102273,Ann,Lawrence,8604.3,632,MA
CUST101766,Rebecca,Thomas,98011.55,689,NC
CUST100785,Steven,Davis,75847.48,709,FL
CUST102043,Austin,Wheeler,13510.8,650,OH
CUST102379,Elizabeth,Deleon,41293.84,736,AZ
CUST100756,William,Simpson,40463.81,682,MO
CUST102323,Joseph,Wright,97772.98,675,MO
CUST101963,Rachael,Brady,38067.85,694,PA
CUST101255,Mary,Acevedo,63376.95,805,NC
CUST101832,Lisa,Welch,17898.59,573,NJ
CUST100790,Nicholas,Fields,49391.43,733,MI
CUST102423,Erin,White,61674.74,681,VA
CUST101027,Kathleen,Santana,69019.05,639,NY
CUST100390,Maria,Howard,12994.29,681,NC
CUST100925,Ariana,Hamilton,105049.28,720,VA
CUST102189,Samantha,Paul,11748.42,644,NC
CUST101477,Carl,Abbott,94879.62,751,NJ
CUST101481,Stephanie,Mckay,109705.54,723,CO
CUST102275,Zachary,Rivera,125561.88,784,VA
CUST102200,Heather,Pitts,42364.24,671,WI
CUST102114,Beverly,Jackson,58837.63,728,CA
CUST101638,Lori,Morrow,52157.74,735,CA
CUST100217,Brianna,Figueroa,80846.55,720,MO
CUST102228,Gwendolyn,Phillips,24055.57,681,FL
CUST102413,Vickie,Mccann,60103.76,766,VA
CUST101139,Maria,Smith,120437.11,779,AZ
CUST101965,Jessica,Curry,92821.66,700,IN
CUST101543,Isabella,Walker,63847.02,714,WI
CUST100499,Donna,Parker,70383.93,710,TX
CUST102181,Gary,Foster,83974.63,734,WI
CUST101880,Desiree,Simpson,87704.68,708,MA
CUST101900,Jason,Clark,37774.15,703,NJ
CUST100995,Emily,Fuller,19713.53,587,NC
CUST101298,Brian,Duncan,56048.07,728,TN
CUST102193,Darren,Mckinney,32791.49,688,OH
CUST101849,Raymond,Sanchez,70101.51,666,MI
CUST100914,Jacqueline,Jackson,39179.56,649,MI
CUST101404,Christopher,Russell,82910.65,719,MO
CUST102056,Arthur,Edwards,69908.76,699,FL
CUST100615,Melanie,Medina,43293.57,679,GA
CUST101684,Ronald,Bell,73614.53,752,AZ
CUST100564,James,Harrison,53525.97,728,VA
CUST102262,Amy,Johnson,86562.93,757,TX
CUST102356,Lauren,Garcia,58297.62,763,MO
CUST100128,Kelsey,Chapman,14776.61,585,FL
CUST101035,Madison,Stewart,28832.58,728,MA
CUST101268,Charles,Wilcox,69685.24,731,VA
CUST100203,Michelle,Coleman,54719.15,754,CA
CUST100613,Wendy,Sullivan,101585.93,720,PA
CUST100122,Ricky,Johnson,25392.19,698,MA
CUST101780,Wendy,Mcdonald,73956.62,756,GA
CUST101879,Brianna,Burns,46041.45,772,VA
CUST101281,Alex,Lyons,22834.35,581,PA
CUST101709,Shelley,Kerr,55609.89,705,NJ
CUST100239,Patrick,Smith,18070.34,632,PA
CUST102176,Christopher,Huang,59426.19,692,CA
CUST102485,Lauren,Valdez,78626.02,736,TN
CUST101367,Angelica,Schmidt,85270.63,717,FL
CUST100651,Clarence,Dawson,92852.43,735,FL
CUST100296,Chelsey,White,26134.01,681,TN
CUST100816,Sarah,Jones,25322.58,589,TN
CUST102471,Douglas,Marshall,109190.47,792,AZ
CUST100830,Paul,Schmitt,62255.99,752,NJ
CUST101060,Douglas,Reeves,31654.13,664,WA
CUST101193,Gabriel,Palmer,33996.71,690,CA
CUST100196,Brandi,Bender,73366.29,761,CA
CUST101023,Lindsay,Scott,77478.35,714,IN
CUST100293,Joseph,Nelson,40165.67,694,CA
CUST100782,James,Clark,71737.86,659,FL
CUST100028,Jason,Murphy,69727.51,695,MA
CUST101802,David,Harvey,76021.82,641,VA
CUST101313,Brandon,Blair,24546.35,656,TN
CUST102028,John,Woods,10507.1,626,WA
CUST102455,Latoya,Hansen,41284.95,695,VA
CUST102489,Jennifer,Ramirez,66071.83,743,WA
CUST101384,Joseph,Salazar,8247.83,562,FL
CUST100300,Matthew,Morgan,35952.65,704,CO
CUST101159,Lori,Atkins,51421.99,696,WA
CUST101178,Melinda,Ramos,90599.86,819,MO
CUST102050,David,Dixon,44630.39,680,MI
CUST100567,Jose,Stewart,41248.37,720,NJ
CUST100345,Lawrence,Collier,65236.77,671,GA
CUST100540,Denise,Johnson,39780.75,604,NY
CUST101399,John,Marshall,62657.62,703,GA
CUST100505,Dillon,Miller,17797.79,715,NJ
CUST100383,Hector,Smith,72824.95,684,TX
CUST101674,Elijah,Gray,71929.04,701,AZ
CUST100463,Joseph,Haynes,72942.42,738,NC
CUST100940,John,Merritt,84162.28,699,MA
CUST101957,Ashley,Taylor,80226.41,718,FL
CUST102353,Erik,Campos,21002.95,531,MO
CUST101971,Michael,Grant,95752.51,771,MI
CUST102135,Aaron,Day,41438.43,704,TN
CUST101397,Jamie,Petersen,74197.43,674,NC
CUST102045,Donna,Fields,67353.46,744,FL
CUST100880,Teresa,Wright,58873.49,758,CO
CUST100776,Nicole,Allen,50975.18,685,MO
CUST100759,Randy,Jordan,48985.2,726,OH
CUST101925,Marc,Hill,51121.18,714,NJ
CUST102415,Stacey,Jenkins,57624.89,673,TN
CUST102052,Matthew,Robinson,55003.28,738,NC
CUST101604,Megan,Perry,64547.94,710,NC
CUST100933,Tammy,Myers,34513.95,691,WI
CUST100504,Timothy,Mendez,58621.95,673,MI
CUST100454,Terri,Zimmerman,100492.85,716,NC
CUST102202,Frank,Bennett,78452.0,714,NY
CUST100324,Virginia,Jones,4216.25,546,IL
CUST101045,Stephanie,Bender,30123.33,691,TX
CUST100793,Nicole,Wright,66618.07,687,IL
CUST102401,Omar,Jackson,0.0,681,PA
CUST101813,William,Strickland,108437.07,749,TX
CUST101409,Vincent,Whitney,55418.11,616,NJ
CUST101739,Elizabeth,Frost,66020.83,741,IL
CUST101822,Taylor,Reeves,16358.82,588,IN
CUST101531,Isaac,Rogers,20069.25,617,NJ
CUST100810,Michael,Sanchez,79495.39,743,NY
CUST100140,Aaron,Woods,44996.45,696,NJ
CUST100283,Chad,Rodriguez,143430.28,783,PA
CUST100699,Donald,Garcia,81809.62,666,NC
CUST101237,James,Sharp,81449.09,696,IL
CUST101122,Brenda,Mcmillan,55240.0,685,NJ
CUST102477,Marissa,Payne,87370.49,667,TN
CUST102276,Linda,Gonzales,80953.04,730,IL
CUST100302,Tina,Gregory,131636.94,803,AZ
CUST100985,Marie,Meyer,34841.21,684,NY
CUST102015,Dawn,White,126582.6,730,FL
CUST101028,Daniel,Lynn,89291.28,707,FL
CUST101109,Thomas,Dominguez,94249.6,692,AZ
CUST100729,David,Wolf,73073.29,784,MO
CUST100490,Colleen,Edwards,51602.91,690,WI
CUST102229,Angela,Anderson,36287.05,677,WI
CUST101599,Shirley,Nguyen,19897.0,709,AZ
CUST100661,Felicia,Lawrence,39648.82,660,MI
CUST101665,James,Brown,65734.55,768,NC
CUST102468,Michael,Clark,16135.69,582,PA
CUST101482,Ashley,Burns,29321.87,685,TX
CUST101258,Carol,Johnson,35651.66,649,GA
CUST100547,Brian,Bond,65355.79,766,IL
CUST102434,Beverly,David,55787.52,745,IN
CUST101095,Sherri,Martin,82713.71,738,GA
CUST101223,Amanda,Rosales,93904.11,715,NC
CUST101589,Donna,Fernandez,42507.67,687,NC
CUST100115,Tracy,Jackson,86925.81,741,MO
CUST100990,Pamela,Macias,56566.26,702,OH
CUST101874,Mark,Adams,62065.96,698,NC
CUST102286,Julie,Bentley,80721.0,756,AZ
CUST102208,Karen,Lambert,40775.05,680,NJ
CUST101131,Christine,Fletcher,0.0,671,NY
CUST100327,Lori,Mclean,64278.46,677,MA
CUST100803,Julia,Stone,91514.75,710,IL
CUST100820,Brianna,Wilcox,72801.7,744,VA
CUST101436,Autumn,Matthews,63389.81,663,IN
CUST100693,John,Blackburn,62295.99,702,CO
CUST100687,Charles,Lopez,19851.11,631,IN
CUST102351,Melanie,Caldwell,53384.05,701,NJ
CUST101527,John,Thomas,67248.32,642,NY
CUST100921,Ashley,Maxwell,23775.54,566,AZ
CUST101610,Julie,Mack,49583.54,704,OH
CUST100758,Steven,Wilkerson,50689.51,717,IN
CUST101098,Karl,Berry,113098.94,715,CA
CUST102484,Anna,Perry,26399.88,640,OH
CUST100543,Toni,Richardson,47810.35,657,WA
CUST101721,Keith,Brown,57840.98,679,TN
CUST101398,Theresa,Lam,35746.43,660,MO
CUST100861,Pamela,Kim,4901.63,496,GA
CUST101142,Tammie,Hansen,36277.16,746,CO
CUST101561,Tammy,Sanders,77363.69,754,NJ
CUST101642,Timothy,Greer,70682.43,725,NY
CUST102294,Miranda,Woods,89084.28,771,NY
CUST100182,Kenneth,Carter,24077.67,747,TN
CUST100359,Michelle,Davis,138865.75,752,VA
CUST100840,Christopher,Sanchez,74185.41,740,CA
CUST101270,Juan,Taylor,48100.85,735,FL
CUST101344,Robert,Woods,92765.17,682,NC
CUST101695,Angela,Valdez,65188.39,727,WI
CUST101664,Robert,Bruce,35108.4,641,GA
CUST100590,Jessica,Wells,12812.92,567,NC
CUST100462,Andrew,Moore,120988.26,807,MI
CUST100839,Michael,Robertson,58410.74,675,GA
CUST100440,Stephen,Guzman,11393.54,666,VA
CUST101053,Mandy,Johnson,95185.93,770,CA
CUST102224,Connie,Frye,38042.65,741,TN
CUST102266,Sharon,Ferguson,37008.74,704,OH
CUST100429,Jose,Gibson,83678.17,696,NC
CUST101529,Stacy,Bates,36879.1,697,MI
CUST100652,Joshua,Simpson,77408.97,760,WA
CUST102419,Andrea,Lynch,31962.54,731,IN
CUST101319,Michael,Rojas,44555.26,733,WI
CUST100664,Allison,Williams,79850.44,789,WA
CUST101992,Ralph,Rogers,65287.61,723,MI
CUST101846,Danielle,Miller,55043.46,792,MA
CUST102314,David,Park,123998.44,759,OH
CUST101752,James,Graham,28394.24,650,FL
CUST101577,Aaron,Luna,28972.91,702,PA
CUST101252,Beth,Arellano,49889.07,684,CO
CUST100922,Edward,Leach,65317.82,700,VA
CUST101838,Christine,Perry,10372.8,521,MA
CUST100173,James,Richardson,136881.74,810,OH
CUST101373,Daisy,Miller,59440.41,661,CO
CUST100275,Shannon,Sampson,114176.63,782,MA
CUST100198,Larry,Arnold,18598.83,659,IL
CUST102461,Sean,Cordova,32170.06,722,NY
CUST101157,Ann,Anderson,66008.54,724,NC
CUST100703,Debra,Hayes,79822.47,772,NJ
CUST101800,Jillian,Black,61958.37,703,CA
CUST102442,Jordan,Smith,49136.77,723,CO
CUST101039,Nicole,Holder,107963.61,743,GA
CUST100879,Felicia,Brown,86055.69,684,WI
CUST100292,Stacy,Nielsen,74976.85,659,FL
CUST100012,Sara,Glover,51794.79,738,MO
CUST102179,Jeremy,Martinez,85560.95,721,FL
CUST101002,Desiree,Schmidt,58905.94,659,NC
CUST100023,Melissa,Jones,49052.96,679,WA
CUST100726,Margaret,Holmes,72425.57,691,MI
CUST101742,Lauren,Perez,67706.62,744,AZ
CUST100389,Marc,Clark,76231.1,714,TN
CUST100684,Daniel,Jones,72854.52,728,CA
CUST102184,Anthony,Blevins,49391.99,613,NC
CUST101297,Whitney,Taylor,47376.46,715,IL
CUST102144,Aaron,Mccullough,61457.93,703,NC
CUST101461,Lisa,Gomez,54473.73,684,CO
CUST100513,David,Flores,67290.53,708,NY
CUST101533,Vickie,Travis,90142.1,791,AZ
CUST100807,Shawn,Scott,63955.07,724,MA
CUST101972,Gregory,Hebert,38763.88,638,MA
CUST100987,Chelsea,Davila,103685.17,767,WI
CUST101388,Theresa,Schultz,70221.1,692,WI
CUST102246,John,Duran,68203.46,755,IL
CUST101539,Mary,Jackson,52836.25,705,OH
CUST100848,Ashley,Mcfarland,41121.61,724,FL
CUST100828,David,Ramirez,106494.96,814,GA
CUST101542,Kimberly,Walker,30430.35,631,WI
CUST101132,Shelby,Wilcox,85440.33,728,NY
CUST100288,Michele,Christensen,50845.86,737,FL
CUST101335,Cynthia,Boyle,95601.68,714,MI
CUST100055,Melissa,Garcia,70214.21,669,TX
CUST102293,Carrie,Duffy,93453.06,768,FL
CUST100121,Eric,Dawson,68676.72,703,TN
CUST101967,Molly,Hanna,10471.0,551,WA
CUST101624,Nicholas,Williams,49602.82,658,TX
CUST100209,Juan,Serrano,139484.11,751,VA
CUST102081,Melody,Martin,22270.22,721,WA
CUST100669,Austin,Mendoza,9909.03,586,CO
CUST100334,Stephanie,Archer,41305.98,658,TN
CUST102241,Heather,Thomas,65968.8,726,PA
CUST100851,Jessica,Johnson,71148.63,741,NY
CUST102173,Gary,Smith,39387.61,677,FL
CUST100888,Raymond,Clark,0.0,648,MO
CUST101921,David,Atkinson,114676.5,752,IL
CUST100813,Tina,Hughes,52425.98,711,NJ
CUST101317,Dustin,Davis,27183.32,680,TX
CUST100834,Daniel,Clements,72577.97,772,MO
CUST101402,Douglas,Myers,154.27,667,TN
CUST100019,Mark,Lin,83327.51,779,WA
CUST100997,Mary,Stone,30166.01,719,NJ
CUST100771,Barbara,Olsen,88564.09,747,AZ
CUST102319,Beverly,Thornton,7662.48,644,NC
CUST100892,Jonathan,Ryan,67609.41,768,AZ
CUST101151,Brian,Lyons,67589.57,655,PA
CUST102271,Jason,Galvan,47624.43,724,TN
CUST100108,Jennifer,Coleman,104599.75,790,AZ
CUST100253,Heidi,Gill,90229.28,695,TX
CUST101696,David,Benjamin,73529.87,685,PA
CUST101262,Daniel,Black,86959.06,756,IN
CUST101929,John,Jones,61441.5,655,CO
CUST100482,Donald,Rose,37081.07,713,NC
CUST101670,Pamela,Daniels,50980.33,677,VA
CUST101491,Betty,Gutierrez,26943.28,676,AZ
CUST101099,Justin,Williams,55179.62,652,WA
CUST102226,Joe,Warren,69793.31,669,IL
CUST101771,Michael,Matthews,29899.56,714,OH
CUST100715,Roberto,Matthews,77912.82,771,TX
CUST101995,Patrick,Kim,93101.33,714,IL
CUST100009,Carlos,Johnson,39367.79,675,VA
CUST100484,Cassie,Jones,42976.83,696,TN
CUST102411,Taylor,Walters,38230.15,747,NC
CUST100678,Regina,Silva,28049.55,668,CO
CUST100222,Michael,Foster,74231.87,751,NJ
CUST102444,Matthew,Lloyd,44134.17,742,CA
CUST101162,Tyler,Smith,9752.11,581,CA
CUST100822,Michelle,Smith,92193.26,734,TN
CUST101886,Thomas,Robinson,50616.85,673,FL
CUST100815,Shane,Taylor,15204.06,554,FL
CUST100705,Laura,Estrada,43449.22,717,MO
CUST100917,Anthony,Lewis,114267.48,773,IL
CUST101034,Jake,Osborne,79442.48,687,IL
CUST100244,Andrea,Austin,72654.29,760,MO
CUST100170,Justin,Nichols,81077.61,742,NC
CUST101892,Jill,Snyder,108875.94,787,IN
CUST102478,Mia,Morales,50101.28,661,IL
CUST101146,Allen,Brooks,76376.48,745,IN
CUST101827,James,Fuller,81349.97,755,WI
CUST100977,Nina,Duran,102418.59,734,MA
CUST102116,Nicholas,Gordon,43363.31,702,IL
CUST101894,Michelle,Russo,66218.44,732,CO
CUST101934,Sarah,Willis,115113.53,818,CO
CUST101005,Carla,Burke,14681.98,646,VA
CUST100866,Steven,Strong,110670.93,795,OH
CUST100030,Brittany,Rivas,132874.93,780,FL
CUST101821,Margaret,Scott,48330.4,691,MI
CUST102158,Bryan,Rodriguez,73398.59,724,WA
CUST101329,Kathleen,Tran,112734.43,762,IN
CUST101731,Thomas,Griffin,89752.58,776,IL
CUST101200,Heather,Brooks,87177.21,745,NC
CUST100391,Kevin,Robbins,54726.13,695,OH
CUST101810,Anthony,Burton,71111.81,689,OH
CUST100973,Frank,Robles,43593.48,732,MA
CUST100117,Daniel,Davis,99255.04,771,PA
CUST101055,Melissa,Adams,112164.37,744,IN
CUST100184,Gina,Smith,53813.18,698,MA
CUST102497,Colleen,Nelson,63898.58,690,PA
CUST102316,Adam,Lopez,78162.03,692,TN
CUST101210,Susan,Wood,83285.03,760,MI
CUST100697,Dylan,Garrett,61241.31,749,PA
CUST102183,Richard,Walls,85917.58,779,NY
CUST100688,Bryan,Snyder,68124.99,717,WA
CUST102332,Sarah,Wells,65575.74,793,MO
CUST100719,Jeanette,Hurst,98482.29,753,TN
CUST101987,Hannah,Hernandez,73955.73,698,PA
CUST100706,James,Henderson,64339.01,721,WA
CUST101980,Sarah,Brown,41317.79,687,CO
CUST100210,Kelsey,Quinn,68750.44,711,VA
CUST100083,Michael,Herring,78999.51,726,GA
CUST102450,Renee,Pierce,109154.31,758,FL
CUST101575,Joan,Allen,36918.85,764,NJ
CUST100466,Kaylee,Anderson,88585.01,727,GA
CUST100475,Lisa,Parker,64855.36,767,FL
CUST101138,Amy,Miller,3787.38,609,WA
CUST100946,Christina,Wilcox,21711.07,572,GA
CUST101797,Theresa,Peterson,14444.43,577,MO
CUST101391,Michael,Gonzalez,66811.18,716,GA
CUST101022,Noah,Sanchez,52448.91,719,NY
CUST100947,Ronald,Hunter,91820.36,779,PA
CUST101113,Jacob,Brown,102080.19,731,GA
CUST101071,Tyler,Garcia,66381.17,689,NC
CUST100268,Marcia,Williams,14492.8,671,MA
CUST100806,Christina,Martinez,56172.27,770,NJ
CUST100397,Krista,Gibson,93686.09,752,CO
CUST100845,Chad,Brown,75764.48,717,NC
CUST102235,Stefanie,Lynch,131581.53,769,OH
CUST102212,Carla,Smith,103832.61,755,VA
CUST100150,Miguel,Carter,132594.39,796,NJ
CUST100373,Zachary,Jones,6168.92,593,MO
CUST100307,Jeffrey,Ruiz,19468.08,635,GA
CUST100003,Jacqueline,Sutton,45523.44,684,MA
CUST101694,Jennifer,Cole,74708.22,680,TN
CUST102365,Amber,Conway,28888.18,656,TX
CUST101724,Samantha,Barrera,67792.6,658,IL
CUST100631,Michael,Scott,65838.93,756,MI
CUST102054,Sarah,Sanchez,51372.23,705,IL
CUST100110,Stacy,Hobbs,60607.64,653,MO
CUST101096,Jodi,Adams,46392.42,691,AZ
CUST101289,Donna,Mcintosh,79.42,606,VA
CUST102337,Chad,Cannon,79241.23,684,WI
CUST100154,Christopher,Wright,95485.1,774,NY
CUST101555,Lori,Wilson,28974.77,702,VA
CUST100708,Bryan,Hammond,82441.35,748,NY
CUST102124,Alicia,Zhang,80778.39,721,AZ
CUST100168,Melissa,Johnson,64696.14,724,IN
CUST100875,Stephanie,Christensen,70768.95,701,CO
CUST101010,William,Preston,55101.23,640,NJ
CUST101760,Michael,Smith,70945.86,728,AZ
CUST101222,Brian,Nguyen,37810.44,650,TX
CUST100313,Michael,Wong,66426.02,661,MI
CUST101442,Elizabeth,Herrera,112923.19,743,NJ
CUST101021,Christine,Bush,78122.21,676,FL
CUST100367,Robert,Stewart,76762.32,799,VA
CUST102288,Caitlin,Hendricks,48453.77,634,GA
CUST101991,Olivia,Barker,71696.66,722,VA
CUST100584,Connor,Stephens,40534.38,733,PA
CUST101977,Brent,Stuart,148597.2,783,CO
CUST101811,John,Dunn,63679.37,734,FL
CUST101469,Jay,Bradley,64814.19,750,NJ
CUST100945,Austin,Martinez,72019.73,711,MO
CUST102259,Franklin,Scott,110987.59,751,MI
CUST100046,Alicia,Bryant,84401.73,726,IN
CUST100343,Steven,Castro,101086.13,768,PA
CUST100929,Melissa,Martinez,22958.29,705,NC
CUST102298,Sarah,Hernandez,94794.98,750,MI
CUST101718,Isaac,King,49886.69,713,NC
CUST101738,Jennifer,Campos,86130.67,702,CA
CUST100889,Kristen,Rivers,46225.55,646,CA
CUST100456,Whitney,Barron,50947.68,680,NC
CUST101655,Mallory,Moore,0.0,688,NC
CUST100020,Samuel,Joyce,95824.16,726,NC
CUST100031,Cynthia,Poole,42357.73,653,NC
CUST100450,Robert,Pierce,73985.8,764,NJ
CUST101432,Jonathan,Choi,47451.52,690,CO
CUST100507,Johnny,Ortiz,40167.3,681,MO
CUST101798,Jeffrey,Joseph,74589.13,730,IL
CUST100646,Todd,Willis,44951.14,618,NJ
CUST101327,Christy,Lee,88794.53,753,TX
CUST100735,Jeremy,Richardson,109599.41,773,OH
CUST100881,Katelyn,Morgan,0.0,660,NY
CUST102034,Eduardo,Ramirez,34918.87,692,MI
CUST102048,Charles,Cole,68144.31,682,TX
CUST100066,Robert,Wilson,72013.83,697,AZ
CUST100194,Dennis,Porter,25576.22,630,TX
CUST102279,Alan,Garcia,28742.36,733,NJ
CUST100941,Samantha,Thomas,52375.43,701,TX
CUST102071,Ronald,Powell,112851.88,753,GA
CUST100200,Megan,Turner,36747.07,781,NC
CUST100970,Karen,Blair,93106.92,710,OH
CUST100617,Carmen,Evans,86807.54,680,MO
CUST102384,Arthur,Wilson,31935.62,754,AZ
CUST100016,Joseph,Freeman,51265.55,642,NJ
CUST101031,Christian,Crawford,10876.09,583,IL
CUST102027,Faith,Conrad,18441.29,559,NC
CUST100737,James,Marquez,46535.34,664,NY
CUST100773,Eileen,Burns,45938.27,707,WA
CUST102067,Karen,West,63029.57,704,MO
CUST101420,Glenn,Roth,64804.94,777,OH
CUST100060,Elijah,Leblanc,23778.86,656,FL
CUST101316,Christian,Cooper,84848.67,729,WA
CUST102313,Lisa,Robinson,49284.51,672,NY
CUST101505,Devon,Underwood,39279.76,677,MI
CUST100065,Tyler,Jordan,121115.69,779,OH
CUST100338,John,Young,31619.33,726,FL
CUST100760,Alexis,Jordan,87787.99,714,NY
CUST101476,Christopher,Acosta,102783.77,766,GA
CUST100867,Sean,Johnson,19562.62,675,WA
CUST100847,Sandra,Lindsey,43401.82,699,AZ
CUST101496,Carol,Haas,60859.89,728,PA
CUST101913,Nicholas,Brown,33616.43,680,WA
CUST102267,Jacob,Jackson,54633.95,682,NJ
CUST101130,Lisa,Simpson,61091.62,771,WA
CUST101495,Lauren,Atkinson,63616.41,749,TX
CUST101164,Chris,George,78862.84,689,OH
CUST102094,Monica,Bailey,40918.97,727,IL
CUST100769,Jeffery,Erickson,13158.23,618,TN
CUST101753,Dalton,Woods,30331.49,713,MA
CUST100388,Michael,Chen,84907.0,702,IL
CUST101530,Chelsea,Fernandez,53201.76,683,WI
CUST101862,Julie,Hughes,68677.82,749,GA
CUST101853,James,Ingram,98135.9,712,MI
CUST100996,Christine,Washington,77849.72,728,IL
CUST102368,Nicholas,Wells,108088.84,729,MO
CUST101054,Kara,Martinez,87657.13,789,TX
CUST100846,Krystal,Roy,13093.99,638,CA
CUST100178,Lindsey,Hines,58848.29,772,CA
CUST100208,Leslie,Patterson,63575.6,698,FL
CUST100694,Andrew,Dixon,79509.46,793,TX
CUST101814,Antonio,Scott,56565.37,711,NY
CUST100757,Victoria,Salazar,15819.58,668,MO
CUST101905,Mary,Murray,65637.29,708,WA
CUST101535,Austin,Mann,46817.23,715,TN
CUST102073,Calvin,Rodriguez,84843.68,764,NJ
CUST101681,Christopher,Adams,33428.38,699,PA
CUST102312,Michelle,Serrano,51831.74,791,VA
CUST101245,Michael,Byrd,112143.08,822,IL
CUST101902,Louis,Jones,25023.65,618,IN
CUST100080,Nina,Stewart,50317.94,733,IN
CUST100718,Matthew,Vega,16528.2,519,PA
CUST100088,George,Weber,84832.53,682,NJ
CUST101075,Michael,Martinez,116735.02,736,PA
CUST100515,Allison,Garrison,95699.43,744,IN
CUST102388,Micheal,Arnold,67934.25,732,TX
CUST101933,David,Alexander,44828.61,679,TN
CUST100895,Jacob,Thompson,42541.14,695,IL
CUST100707,Heather,Nelson,16725.05,566,IL
CUST100056,Brenda,Li,100722.29,711,GA
CUST100681,Troy,Howell,123501.76,722,WI
CUST200000,Matthew,Kaiser,60094.15,766,CA
CUST200001,Kenneth,Miller,23531.06,750,NY
CUST200002,Laura,Johnson,46615.15,502,CA
CUST200003,Joshua,Harper,48715.88,575,CA
CUST200004,Alicia,Ford,72614.5,586,TX
CUST200005,Andrew,Walker,39617.72,769,NY
CUST200006,Tonya,Vargas,69620.18,724,CA
CUST200007,Samantha,Harrison,32317.75,517,TX
CUST200008,Shane,Gonzalez,70200.05,612,TX
CUST200009,Kevin,Baker,42884.82,750,TX
